group_no,attempt_no,turn_no,num_action,duration,num_add,num_del,num_edit,freq_add,freq_del
6,1,1,11,190.517,1,1,2,0.5,0.5
6,1,2,3,9.548000000000002,2,0,2,1.0,0.0
6,1,3,2,67.19899999999996,1,1,2,0.5,0.5
6,1,4,10,40.31900000000002,1,1,2,0.5,0.5
6,1,5,2,24.386000000000024,2,0,2,1.0,0.0
6,1,6,2,7.574000000000012,0,2,2,0.0,1.0
6,1,7,2,68.305,2,0,2,1.0,0.0
6,1,8,2,22.403999999999996,1,1,2,0.5,0.5
6,1,9,2,32.15499999999997,2,0,2,1.0,0.0
6,1,10,2,17.245000000000005,1,1,2,0.5,0.5
6,1,11,2,63.38199999999995,1,1,2,0.5,0.5
6,1,12,2,18.9140000000001,2,0,2,1.0,0.0
6,1,13,6,25.358999999999924,2,0,2,1.0,0.0
6,1,14,2,25.829000000000065,0,2,2,0.0,1.0
6,1,15,2,32.66899999999998,2,0,2,1.0,0.0
6,1,16,2,42.0619999999999,1,1,2,0.5,0.5
6,1,17,2,65.13200000000018,1,1,2,0.5,0.5
6,1,18,2,41.424999999999955,1,1,2,0.5,0.5
6,1,19,2,23.463999999999942,1,1,2,0.5,0.5
6,1,20,2,43.067999999999984,0,2,2,0.0,1.0
6,1,21,10,152.091,1,0,1,1.0,0.0
6,2,21,7,73.03499999999997,1,1,2,0.5,0.5
6,2,22,3,62.18900000000008,2,0,2,1.0,0.0
6,2,23,2,35.64800000000014,2,0,2,1.0,0.0
6,2,24,2,19.968999999999824,1,1,2,0.5,0.5
6,2,25,3,32.057000000000016,2,0,2,1.0,0.0
6,2,26,2,65.33799999999997,2,0,2,1.0,0.0
6,2,27,2,39.14700000000016,2,0,2,1.0,0.0
6,2,28,7,10.030999999999722,0,1,1,0.0,1.0
7,1,1,6,56.873999999999995,2,0,2,1.0,0.0
7,1,2,3,16.086000000000013,1,1,2,0.5,0.5
7,1,3,2,5.283000000000001,1,1,2,0.5,0.5
7,1,4,3,7.167999999999992,2,0,2,1.0,0.0
7,1,5,2,15.151999999999987,2,0,2,1.0,0.0
7,1,6,4,13.819000000000017,1,1,2,0.5,0.5
7,1,7,2,10.378,2,0,2,1.0,0.0
7,1,8,2,12.584999999999994,2,0,2,1.0,0.0
7,1,9,5,16.099999999999994,2,0,2,1.0,0.0
7,1,10,6,8.715000000000003,2,0,2,1.0,0.0
7,1,11,2,8.930999999999983,2,0,2,1.0,0.0
7,1,12,2,7.404000000000025,2,0,2,1.0,0.0
7,1,13,2,51.28099999999998,2,0,2,1.0,0.0
7,1,14,9,34.46400000000003,0,0,0,-1.0,2.0
7,2,14,3,14.769000000000005,2,0,2,1.0,0.0
7,2,15,2,6.220000000000027,2,0,2,1.0,0.0
7,2,16,5,16.742999999999995,0,2,2,0.0,1.0
7,2,17,13,37.41699999999997,1,0,1,1.0,0.0
7,3,17,2,17.965000000000032,2,0,2,1.0,0.0
7,3,18,2,4.840999999999951,2,0,2,1.0,0.0
7,3,19,2,4.480000000000018,2,0,2,1.0,0.0
7,3,20,2,7.11099999999999,2,0,2,1.0,0.0
7,3,21,2,5.390999999999963,2,0,2,1.0,0.0
7,3,22,6,5.248000000000047,0,0,0,-1.0,2.0
7,4,22,2,14.074999999999989,2,0,2,1.0,0.0
7,4,23,2,9.226999999999975,2,0,2,1.0,0.0
7,4,24,2,6.248000000000047,2,0,2,1.0,0.0
7,4,25,2,7.968999999999994,2,0,2,1.0,0.0
7,4,26,2,23.036999999999978,1,1,2,0.5,0.5
7,4,27,2,12.407000000000039,2,0,2,1.0,0.0
7,4,28,3,6.870999999999981,1,1,2,0.5,0.5
7,4,29,6,24.041999999999973,0,0,0,-1.0,2.0
7,5,29,2,14.0,2,0,2,1.0,0.0
7,5,30,2,5.975000000000023,2,0,2,1.0,0.0
7,5,31,2,10.764999999999986,2,0,2,1.0,0.0
7,5,32,2,7.168999999999983,2,0,2,1.0,0.0
7,5,33,2,4.368000000000052,2,0,2,1.0,0.0
7,5,34,2,6.831999999999994,1,1,2,0.5,0.5
7,5,35,11,41.298,0,0,0,-1.0,2.0
7,6,35,2,8.731999999999971,2,0,2,1.0,0.0
7,6,36,2,5.1860000000000355,2,0,2,1.0,0.0
7,6,37,2,3.810999999999922,2,0,2,1.0,0.0
7,6,38,2,6.623000000000047,2,0,2,1.0,0.0
7,6,39,2,5.798999999999978,0,2,2,0.0,1.0
7,6,40,2,15.934000000000083,1,1,2,0.5,0.5
7,6,41,2,6.025999999999954,2,0,2,1.0,0.0
7,6,42,2,18.140999999999963,2,0,2,1.0,0.0
7,6,43,2,7.871999999999957,1,1,2,0.5,0.5
7,6,44,6,16.131000000000085,0,0,0,-1.0,2.0
7,7,44,2,27.878999999999905,2,0,2,1.0,0.0
7,7,45,2,5.038000000000125,2,0,2,1.0,0.0
7,7,46,2,10.5089999999999,2,0,2,1.0,0.0
7,7,47,2,4.021000000000072,2,0,2,1.0,0.0
7,7,48,3,7.699999999999932,2,0,2,1.0,0.0
7,7,49,7,3.463000000000079,0,0,0,-1.0,2.0
7,8,49,2,11.84599999999989,2,0,2,1.0,0.0
7,8,50,2,16.994000000000142,0,2,2,0.0,1.0
7,8,51,2,4.866999999999962,2,0,2,1.0,0.0
7,8,52,2,6.8279999999999745,1,1,2,0.5,0.5
7,8,53,2,4.5190000000000055,2,0,2,1.0,0.0
7,8,54,8,9.234000000000037,2,0,2,1.0,0.0
7,8,55,2,3.4739999999999327,2,0,2,1.0,0.0
7,8,56,10,8.786000000000058,1,0,1,1.0,0.0
7,9,56,2,18.121999999999957,2,0,2,1.0,0.0
7,9,57,2,4.068000000000097,2,0,2,1.0,0.0
7,9,58,2,7.665999999999826,2,0,2,1.0,0.0
7,9,59,2,4.900000000000091,2,0,2,1.0,0.0
7,9,60,7,7.004000000000019,1,0,1,1.0,0.0
7,10,60,2,34.749000000000024,2,0,2,1.0,0.0
7,10,61,2,6.567999999999984,2,0,2,1.0,0.0
7,10,62,2,11.543999999999983,2,0,2,1.0,0.0
7,10,63,2,5.376999999999953,2,0,2,1.0,0.0
7,10,64,10,19.4670000000001,1,0,1,1.0,0.0
7,11,64,2,30.98899999999992,2,0,2,1.0,0.0
7,11,65,2,19.930000000000064,2,0,2,1.0,0.0
7,11,66,2,22.520999999999958,2,0,2,1.0,0.0
7,11,67,2,12.570999999999913,2,0,2,1.0,0.0
7,11,68,7,4.674000000000092,1,0,1,1.0,0.0
7,12,68,2,14.619000000000028,2,0,2,1.0,0.0
7,12,69,2,14.187000000000012,2,0,2,1.0,0.0
7,12,70,2,12.36999999999989,2,0,2,1.0,0.0
7,12,71,2,9.354000000000042,2,0,2,1.0,0.0
7,12,72,7,12.470000000000027,1,0,1,1.0,0.0
7,13,72,2,33.40499999999997,2,0,2,1.0,0.0
7,13,73,2,3.8659999999999854,2,0,2,1.0,0.0
7,13,74,2,16.438000000000102,2,0,2,1.0,0.0
7,13,75,3,12.576000000000022,2,0,2,1.0,0.0
7,13,76,6,16.337999999999738,2,0,2,1.0,0.0
7,13,77,47,61.149000000000115,1,0,1,1.0,0.0
7,14,77,4,12.486000000000104,2,0,2,1.0,0.0
7,14,78,2,13.499000000000024,2,0,2,1.0,0.0
7,14,79,2,5.585999999999785,2,0,2,1.0,0.0
7,14,80,2,13.779999999999973,1,1,2,0.5,0.5
7,14,81,2,11.902000000000271,2,0,2,1.0,0.0
7,14,82,7,9.337999999999738,1,0,1,1.0,0.0
7,15,82,2,20.409000000000106,2,0,2,1.0,0.0
7,15,83,2,4.445999999999913,2,0,2,1.0,0.0
7,15,84,2,8.920000000000073,2,0,2,1.0,0.0
7,15,85,2,5.2020000000002256,2,0,2,1.0,0.0
7,15,86,10,27.096999999999753,1,0,1,1.0,0.0
7,16,86,2,36.35200000000009,2,0,2,1.0,0.0
7,16,87,2,13.033999999999878,2,0,2,1.0,0.0
7,16,88,2,9.028000000000247,2,0,2,1.0,0.0
7,16,89,2,6.026999999999816,2,0,2,1.0,0.0
7,16,90,7,12.666000000000167,1,0,1,1.0,0.0
7,17,90,2,21.5920000000001,2,0,2,1.0,0.0
7,17,91,2,5.875999999999749,2,0,2,1.0,0.0
7,17,92,2,22.228000000000065,2,0,2,1.0,0.0
7,17,93,2,10.686999999999898,2,0,2,1.0,0.0
7,17,94,12,12.249000000000251,1,0,1,1.0,0.0
7,18,94,4,24.325000000000045,2,0,2,1.0,0.0
7,18,95,2,4.843999999999824,2,0,2,1.0,0.0
7,18,96,2,21.77500000000009,2,0,2,1.0,0.0
7,18,97,2,7.01299999999992,2,0,2,1.0,0.0
7,18,98,7,8.707000000000107,1,0,1,1.0,0.0
7,19,98,1,17.016999999999825,0,0,0,-1.0,2.0
8,1,1,6,95.18,2,0,2,1.0,0.0
8,1,2,3,15.386999999999986,2,0,2,1.0,0.0
8,1,3,3,14.233000000000018,2,0,2,1.0,0.0
8,1,4,7,48.184999999999974,2,0,2,1.0,0.0
8,1,5,7,90.93700000000001,2,0,2,1.0,0.0
8,1,6,2,9.897999999999968,0,2,2,0.0,1.0
8,1,7,2,24.94100000000003,0,2,2,0.0,1.0
8,1,8,2,28.60899999999998,0,2,2,0.0,1.0
8,1,9,6,120.52700000000004,2,0,2,1.0,0.0
8,1,10,4,47.57299999999998,0,2,2,0.0,1.0
8,1,11,2,77.15999999999997,1,1,2,0.5,0.5
8,1,12,4,50.53800000000001,0,2,2,0.0,1.0
8,1,13,2,12.923000000000002,2,0,2,1.0,0.0
8,1,14,2,25.465000000000032,2,0,2,1.0,0.0
8,1,15,2,28.34699999999998,2,0,2,1.0,0.0
8,1,16,2,11.397000000000048,2,0,2,1.0,0.0
8,1,17,9,65.00999999999999,0,0,0,-1.0,2.0
8,2,17,6,62.81799999999987,2,0,2,1.0,0.0
8,2,18,2,24.623000000000047,2,0,2,1.0,0.0
8,2,19,2,27.22199999999998,2,0,2,1.0,0.0
8,2,20,2,6.193000000000097,2,0,2,1.0,0.0
8,2,21,7,28.67100000000005,1,0,1,1.0,0.0
8,3,21,4,101.84899999999993,2,0,2,1.0,0.0
8,3,22,2,3.73599999999999,2,0,2,1.0,0.0
8,3,23,2,13.470000000000027,2,0,2,1.0,0.0
8,3,24,2,7.298000000000002,2,0,2,1.0,0.0
8,3,25,7,7.3689999999999145,1,0,1,1.0,0.0
8,4,25,2,22.235000000000127,2,0,2,1.0,0.0
8,4,26,2,10.463999999999942,2,0,2,1.0,0.0
8,4,27,2,16.104000000000042,2,0,2,1.0,0.0
8,4,28,2,3.7549999999998818,2,0,2,1.0,0.0
8,4,29,7,4.778999999999996,1,0,1,1.0,0.0
8,5,29,2,41.45600000000013,2,0,2,1.0,0.0
8,5,30,2,6.880999999999858,2,0,2,1.0,0.0
8,5,31,2,10.314000000000078,2,0,2,1.0,0.0
8,5,32,2,5.020999999999958,2,0,2,1.0,0.0
8,5,33,10,23.30600000000004,1,0,1,1.0,0.0
8,6,33,28,78.90800000000013,2,0,2,1.0,0.0
8,6,34,2,7.388999999999896,2,0,2,1.0,0.0
8,6,35,2,18.942999999999984,2,0,2,1.0,0.0
8,6,36,2,3.4500000000000455,2,0,2,1.0,0.0
8,6,37,7,12.838999999999942,1,0,1,1.0,0.0
8,7,37,5,53.28899999999999,2,0,2,1.0,0.0
8,7,38,2,3.5549999999998363,2,0,2,1.0,0.0
8,7,39,2,15.149000000000342,2,0,2,1.0,0.0
8,7,40,2,17.20399999999995,2,0,2,1.0,0.0
8,7,41,2,5.931999999999789,2,0,2,1.0,0.0
8,7,42,6,8.432000000000016,0,0,0,-1.0,2.0
8,8,42,12,56.649000000000115,2,0,2,1.0,0.0
8,8,43,28,16.91899999999987,2,0,2,1.0,0.0
8,8,44,2,6.5150000000001,2,0,2,1.0,0.0
8,8,45,2,10.309999999999945,2,0,2,1.0,0.0
8,8,46,2,3.0249999999998636,2,0,2,1.0,0.0
8,8,47,6,6.132000000000289,0,0,0,-1.0,2.0
8,9,47,2,15.968999999999824,2,0,2,1.0,0.0
8,9,48,2,5.582000000000107,2,0,2,1.0,0.0
8,9,49,2,4.852999999999838,2,0,2,1.0,0.0
8,9,50,2,3.436000000000149,2,0,2,1.0,0.0
8,9,51,2,4.831000000000131,2,0,2,1.0,0.0
8,9,52,7,6.148999999999887,0,0,0,-1.0,2.0
9,1,1,15,183.374,1,1,2,0.5,0.5
9,1,2,2,20.685000000000002,2,0,2,1.0,0.0
9,1,3,2,46.018,1,1,2,0.5,0.5
9,1,4,3,92.26500000000004,2,0,2,1.0,0.0
9,1,5,2,168.0039999999999,2,0,2,1.0,0.0
9,1,6,2,51.16600000000011,2,0,2,1.0,0.0
9,1,7,3,70.51199999999994,1,1,2,0.5,0.5
9,1,8,2,18.756999999999948,1,1,2,0.5,0.5
9,1,9,2,68.54700000000003,1,1,2,0.5,0.5
9,1,10,2,23.882000000000062,2,0,2,1.0,0.0
9,1,11,9,15.303999999999974,0,0,0,-1.0,2.0
9,2,11,16,213.45500000000004,1,1,2,0.5,0.5
9,2,12,2,10.70799999999997,1,1,2,0.5,0.5
9,2,13,6,20.235999999999876,0,0,0,-1.0,2.0
9,3,13,9,190.72000000000003,2,0,2,1.0,0.0
9,3,14,2,26.325000000000045,2,0,2,1.0,0.0
9,3,15,2,22.19100000000003,1,1,2,0.5,0.5
9,3,16,2,28.13799999999992,2,0,2,1.0,0.0
9,3,17,2,27.338000000000193,2,0,2,1.0,0.0
9,3,18,2,5.758999999999787,2,0,2,1.0,0.0
9,3,19,6,7.060000000000173,0,0,0,-1.0,2.0
9,4,19,15,69.03099999999995,2,0,2,1.0,0.0
9,4,20,2,7.230000000000018,2,0,2,1.0,0.0
9,4,21,5,112.02199999999993,2,0,2,1.0,0.0
9,4,22,2,10.411000000000058,2,0,2,1.0,0.0
9,4,23,2,8.952999999999975,2,0,2,1.0,0.0
9,4,24,7,6.005999999999858,1,0,1,1.0,0.0
9,5,24,2,27.55800000000022,1,1,2,0.5,0.5
9,5,25,4,64.12299999999982,0,1,1,0.0,1.0
9,5,26,2,24.702000000000226,1,1,2,0.5,0.5
9,5,27,10,14.398999999999887,0,0,0,-1.0,2.0
9,6,27,12,98.47700000000009,1,1,2,0.5,0.5
9,6,28,6,6.948999999999842,0,0,0,-1.0,2.0
9,7,28,10,51.94900000000007,0,1,1,0.0,1.0
9,8,28,5,37.25299999999993,1,1,2,0.5,0.5
9,8,29,6,5.318000000000211,0,0,0,-1.0,2.0
9,9,29,9,63.95999999999981,1,1,2,0.5,0.5
9,9,30,2,17.932000000000016,1,1,2,0.5,0.5
9,9,31,6,4.629000000000133,0,0,0,-1.0,2.0
9,10,31,5,37.722999999999956,1,1,2,0.5,0.5
9,10,32,9,21.192999999999756,0,0,0,-1.0,2.0
9,11,32,34,103.53999999999996,1,1,2,0.5,0.5
9,11,33,6,4.541000000000167,0,0,0,-1.0,2.0
9,12,33,5,37.4050000000002,2,0,2,1.0,0.0
9,12,34,7,7.050999999999931,0,1,1,0.0,1.0
10,1,1,20,240.198,2,0,2,1.0,0.0
10,1,2,9,93.826,2,0,2,1.0,0.0
10,1,3,3,14.98399999999998,2,0,2,1.0,0.0
10,1,4,2,11.609999999999957,2,0,2,1.0,0.0
10,1,5,2,15.68300000000005,2,0,2,1.0,0.0
10,1,6,3,26.454000000000008,2,0,2,1.0,0.0
10,1,7,9,34.34699999999998,0,0,0,-1.0,2.0
10,2,7,27,53.62800000000004,0,0,0,-1.0,2.0
10,3,7,2,25.666999999999973,2,0,2,1.0,0.0
10,3,8,2,33.418000000000006,2,0,2,1.0,0.0
10,3,9,2,15.802999999999997,2,0,2,1.0,0.0
10,3,10,4,23.76800000000003,2,0,2,1.0,0.0
10,3,11,7,12.504999999999995,1,0,1,1.0,0.0
10,4,11,2,25.466999999999985,2,0,2,1.0,0.0
10,4,12,2,13.059999999999945,2,0,2,1.0,0.0
10,4,13,2,13.764999999999986,2,0,2,1.0,0.0
10,4,14,2,12.050000000000068,2,0,2,1.0,0.0
10,4,15,2,10.829000000000065,2,0,2,1.0,0.0
10,4,16,6,7.515999999999849,0,0,0,-1.0,2.0
10,5,16,2,31.517000000000053,2,0,2,1.0,0.0
10,5,17,2,14.260999999999967,2,0,2,1.0,0.0
10,5,18,2,13.683000000000106,2,0,2,1.0,0.0
10,5,19,2,16.271999999999935,2,0,2,1.0,0.0
10,5,20,10,51.456999999999994,1,0,1,1.0,0.0
10,6,20,2,24.239000000000033,2,0,2,1.0,0.0
10,6,21,2,15.552999999999884,2,0,2,1.0,0.0
10,6,22,2,10.817000000000121,2,0,2,1.0,0.0
10,6,23,2,13.04099999999994,2,0,2,1.0,0.0
10,6,24,7,9.07400000000007,1,0,1,1.0,0.0
10,7,24,2,19.19500000000005,2,0,2,1.0,0.0
10,7,25,2,13.815999999999917,2,0,2,1.0,0.0
10,7,26,2,5.644999999999982,2,0,2,1.0,0.0
10,7,27,2,12.091999999999985,2,0,2,1.0,0.0
10,7,28,7,6.947000000000116,1,0,1,1.0,0.0
10,8,28,2,14.659999999999968,2,0,2,1.0,0.0
10,8,29,2,17.313999999999965,2,0,2,1.0,0.0
10,8,30,2,8.926000000000045,2,0,2,1.0,0.0
10,8,31,2,8.687000000000012,2,0,2,1.0,0.0
10,8,32,7,34.35599999999977,1,0,1,1.0,0.0
10,9,32,2,20.75500000000011,2,0,2,1.0,0.0
10,9,33,2,16.605999999999995,2,0,2,1.0,0.0
10,9,34,2,5.721000000000231,2,0,2,1.0,0.0
10,9,35,2,7.321999999999889,2,0,2,1.0,0.0
10,9,36,7,6.948999999999842,1,0,1,1.0,0.0
10,10,36,2,11.896999999999935,2,0,2,1.0,0.0
10,10,37,2,14.105000000000018,2,0,2,1.0,0.0
10,10,38,2,14.553000000000111,2,0,2,1.0,0.0
10,10,39,2,7.613000000000056,2,0,2,1.0,0.0
10,10,40,10,14.032999999999902,1,0,1,1.0,0.0
10,11,40,2,21.123000000000047,2,0,2,1.0,0.0
10,11,41,2,10.080000000000155,2,0,2,1.0,0.0
10,11,42,2,10.692999999999756,2,0,2,1.0,0.0
10,11,43,2,25.932999999999993,2,0,2,1.0,0.0
10,11,44,7,7.820000000000164,1,0,1,1.0,0.0
10,12,44,2,37.832999999999856,2,0,2,1.0,0.0
10,12,45,2,10.152000000000044,0,2,2,0.0,1.0
10,12,46,2,6.954999999999927,2,0,2,1.0,0.0
10,12,47,2,17.970000000000027,2,0,2,1.0,0.0
10,12,48,2,8.16800000000012,2,0,2,1.0,0.0
10,12,49,59,50.67899999999986,2,0,2,1.0,0.0
10,12,50,6,17.64800000000014,2,0,2,1.0,0.0
10,12,51,6,4.798999999999978,0,0,0,-1.0,2.0
11,1,1,6,90.62400000000001,2,0,2,1.0,0.0
11,1,2,4,14.632999999999981,2,0,2,1.0,0.0
11,1,3,2,31.261000000000024,2,0,2,1.0,0.0
11,1,4,4,27.790999999999997,2,0,2,1.0,0.0
11,1,5,2,6.930000000000007,2,0,2,1.0,0.0
11,1,6,4,12.774000000000001,2,0,2,1.0,0.0
11,1,7,3,18.345,2,0,2,1.0,0.0
11,1,8,2,13.344999999999999,2,0,2,1.0,0.0
11,1,9,2,7.205999999999989,2,0,2,1.0,0.0
11,1,10,2,10.597000000000008,2,0,2,1.0,0.0
11,1,11,9,21.17500000000001,0,0,0,-1.0,2.0
11,2,11,13,33.65599999999995,1,1,2,0.5,0.5
11,2,12,7,33.436000000000035,0,2,2,0.0,1.0
11,2,13,1,1.8360000000000127,0,1,1,0.0,1.0
11,2,14,2,4.854999999999961,0,2,2,0.0,1.0
11,2,15,3,15.413000000000068,0,2,2,0.0,1.0
11,2,16,2,16.640999999999963,2,0,2,1.0,0.0
11,2,17,4,33.924000000000035,0,2,2,0.0,1.0
11,2,18,2,6.905999999999949,2,0,2,1.0,0.0
11,2,19,6,5.262999999999977,0,0,0,-1.0,2.0
11,3,19,2,14.358000000000004,2,0,2,1.0,0.0
11,3,20,2,7.507000000000005,2,0,2,1.0,0.0
11,3,21,2,3.8149999999999977,2,0,2,1.0,0.0
11,3,22,2,5.986000000000047,2,0,2,1.0,0.0
11,3,23,2,18.510999999999967,2,0,2,1.0,0.0
11,3,24,2,3.33400000000006,2,0,2,1.0,0.0
11,3,25,6,29.15799999999996,0,0,0,-1.0,2.0
11,4,25,2,14.639999999999986,2,0,2,1.0,0.0
11,4,26,2,17.52000000000004,2,0,2,1.0,0.0
11,4,27,2,6.7830000000000155,2,0,2,1.0,0.0
11,4,28,2,5.600999999999999,2,0,2,1.0,0.0
11,4,29,2,14.493999999999915,2,0,2,1.0,0.0
11,4,30,3,26.450000000000045,2,0,2,1.0,0.0
11,4,31,8,11.879999999999995,0,0,0,-1.0,2.0
11,5,31,2,12.136999999999944,2,0,2,1.0,0.0
11,5,32,2,14.367000000000075,2,0,2,1.0,0.0
11,5,33,2,5.515999999999963,1,1,2,0.5,0.5
11,5,34,2,10.642000000000053,2,0,2,1.0,0.0
11,5,35,2,4.780999999999949,2,0,2,1.0,0.0
11,5,36,2,8.447999999999979,2,0,2,1.0,0.0
11,5,37,9,12.901000000000067,0,0,0,-1.0,2.0
11,6,37,18,44.38799999999992,2,0,2,1.0,0.0
11,6,38,2,5.641000000000076,2,0,2,1.0,0.0
11,6,39,2,4.531999999999925,2,0,2,1.0,0.0
11,6,40,2,4.97300000000007,2,0,2,1.0,0.0
11,6,41,2,8.529999999999973,1,1,2,0.5,0.5
11,6,42,2,10.141000000000076,2,0,2,1.0,0.0
11,6,43,7,36.37699999999995,1,0,1,1.0,0.0
11,7,43,2,22.879999999999995,2,0,2,1.0,0.0
11,7,44,2,12.440999999999917,2,0,2,1.0,0.0
11,7,45,4,13.724000000000046,2,0,2,1.0,0.0
11,7,46,2,8.063000000000102,2,0,2,1.0,0.0
11,7,47,10,9.146999999999935,1,0,1,1.0,0.0
11,8,47,2,14.506999999999948,2,0,2,1.0,0.0
11,8,48,6,11.841999999999985,2,0,2,1.0,0.0
11,8,49,4,6.326999999999998,2,0,2,1.0,0.0
11,8,50,2,21.301000000000045,2,0,2,1.0,0.0
11,8,51,8,11.990000000000009,1,0,1,1.0,0.0
11,9,51,3,18.076999999999998,2,0,2,1.0,0.0
11,9,52,2,10.156999999999925,2,0,2,1.0,0.0
11,9,53,4,15.541000000000054,2,0,2,1.0,0.0
11,9,54,2,11.77699999999993,2,0,2,1.0,0.0
11,9,55,2,13.468000000000075,2,0,2,1.0,0.0
11,9,56,6,2.0260000000000673,0,0,0,-1.0,2.0
11,10,56,24,48.61500000000001,2,0,2,1.0,0.0
11,10,57,10,56.7829999999999,2,0,2,1.0,0.0
11,10,58,7,101.95000000000005,2,0,2,1.0,0.0
11,10,59,4,81.34500000000003,2,0,2,1.0,0.0
11,10,60,10,27.781999999999925,1,0,1,1.0,0.0
11,11,60,6,46.756999999999834,2,0,2,1.0,0.0
11,11,61,4,55.79100000000017,2,0,2,1.0,0.0
11,11,62,7,37.78500000000008,2,0,2,1.0,0.0
11,11,63,2,36.554999999999836,1,1,2,0.5,0.5
11,11,64,10,47.69300000000021,2,0,2,1.0,0.0
11,11,65,10,48.5,1,0,1,1.0,0.0
11,12,65,4,14.865000000000009,2,0,2,1.0,0.0
11,12,66,9,7.923999999999978,0,0,0,-1.0,2.0
12,1,1,6,94.29999999999998,2,0,2,1.0,0.0
12,1,2,3,18.161000000000016,2,0,2,1.0,0.0
12,1,3,2,20.722999999999985,2,0,2,1.0,0.0
12,1,4,2,8.062000000000012,2,0,2,1.0,0.0
12,1,5,3,16.942000000000007,2,0,2,1.0,0.0
12,1,6,11,15.435999999999979,0,0,0,-1.0,2.0
12,2,6,7,68.34700000000001,2,0,2,1.0,0.0
12,2,7,3,28.818000000000012,2,0,2,1.0,0.0
12,2,8,3,35.27999999999997,2,0,2,1.0,0.0
12,2,9,2,44.24100000000004,2,0,2,1.0,0.0
12,2,10,2,17.853999999999985,2,0,2,1.0,0.0
12,2,11,2,9.592999999999961,2,0,2,1.0,0.0
12,2,12,10,15.838000000000022,1,0,1,1.0,0.0
12,3,12,7,59.82600000000002,1,1,2,0.5,0.5
12,3,13,3,37.38199999999995,2,0,2,1.0,0.0
12,3,14,3,53.25300000000004,2,0,2,1.0,0.0
12,3,15,10,46.46300000000008,1,1,2,0.5,0.5
12,3,16,2,25.468999999999937,1,1,2,0.5,0.5
12,3,17,5,17.682999999999993,2,0,2,1.0,0.0
12,3,18,2,59.56200000000001,2,0,2,1.0,0.0
12,3,19,2,6.449000000000069,2,0,2,1.0,0.0
12,3,20,8,21.199999999999932,1,0,1,1.0,0.0
12,4,20,2,28.01299999999992,2,0,2,1.0,0.0
12,4,21,2,22.874000000000137,2,0,2,1.0,0.0
12,4,22,3,20.51299999999992,1,1,2,0.5,0.5
12,4,23,2,6.405999999999949,2,0,2,1.0,0.0
12,4,24,2,24.743000000000052,1,1,2,0.5,0.5
12,4,25,2,12.552999999999997,2,0,2,1.0,0.0
12,4,26,2,7.029999999999973,2,0,2,1.0,0.0
12,4,27,9,18.976,0,1,1,0.0,1.0
12,5,27,3,55.668000000000006,2,0,2,1.0,0.0
12,5,28,2,23.689000000000078,1,1,2,0.5,0.5
12,5,29,17,39.30899999999997,2,0,2,1.0,0.0
12,5,30,8,78.5,0,2,2,0.0,1.0
12,5,31,2,6.733999999999924,0,2,2,0.0,1.0
12,5,32,5,37.452999999999975,2,0,2,1.0,0.0
12,5,33,14,34.452,2,0,2,1.0,0.0
12,5,34,11,25.813000000000102,2,0,2,1.0,0.0
12,5,35,11,34.221000000000004,2,0,2,1.0,0.0
12,5,36,11,15.660000000000082,1,0,1,1.0,0.0
12,6,36,9,71.2539999999999,2,0,2,1.0,0.0
12,6,37,2,10.466000000000122,0,2,2,0.0,1.0
12,6,38,2,13.100999999999885,2,0,2,1.0,0.0
12,6,39,2,30.353999999999814,1,1,2,0.5,0.5
12,6,40,2,7.4240000000002055,0,2,2,0.0,1.0
12,6,41,2,11.295999999999822,2,0,2,1.0,0.0
12,6,42,10,79.70900000000029,2,0,2,1.0,0.0
12,6,43,17,31.519999999999982,2,0,2,1.0,0.0
12,6,44,4,16.787999999999784,2,0,2,1.0,0.0
12,6,45,7,6.90300000000002,1,0,1,1.0,0.0
12,7,45,9,70.28300000000013,2,0,2,1.0,0.0
12,7,46,33,107.49000000000001,2,0,2,1.0,0.0
12,7,47,2,5.588999999999942,2,0,2,1.0,0.0
12,7,48,2,5.872000000000071,2,0,2,1.0,0.0
12,7,49,2,16.94199999999978,2,0,2,1.0,0.0
12,7,50,6,4.615000000000009,0,0,0,-1.0,2.0
12,8,50,4,52.01999999999998,1,1,2,0.5,0.5
12,8,51,36,55.80400000000009,2,0,2,1.0,0.0
12,8,52,7,28.4849999999999,2,0,2,1.0,0.0
12,8,53,13,20.80100000000016,2,0,2,1.0,0.0
12,8,54,2,7.917000000000144,2,0,2,1.0,0.0
12,8,55,7,8.181999999999789,1,0,1,1.0,0.0
14,1,1,4,48.318,2,0,2,1.0,0.0
14,1,2,4,20.917999999999992,2,0,2,1.0,0.0
14,1,3,2,10.78200000000001,2,0,2,1.0,0.0
14,1,4,2,12.937999999999988,2,0,2,1.0,0.0
14,1,5,2,5.492000000000019,2,0,2,1.0,0.0
14,1,6,5,24.00799999999998,2,0,2,1.0,0.0
14,1,7,10,61.70500000000003,1,0,1,1.0,0.0
14,2,7,2,58.18000000000001,2,0,2,1.0,0.0
14,2,8,2,15.973999999999961,2,0,2,1.0,0.0
14,2,9,2,33.53800000000001,2,0,2,1.0,0.0
14,2,10,8,60.14700000000005,2,0,2,1.0,0.0
14,2,11,3,19.14199999999994,1,0,1,1.0,0.0
14,2,12,2,19.71900000000005,0,2,2,0.0,1.0
14,2,13,2,12.919999999999959,1,1,2,0.5,0.5
14,2,14,4,33.863,0,2,2,0.0,1.0
14,2,15,2,15.146000000000015,0,2,2,0.0,1.0
14,2,16,6,18.188999999999965,0,0,0,-1.0,2.0
14,3,16,9,61.96300000000002,2,0,2,1.0,0.0
14,3,17,10,47.466999999999985,2,0,2,1.0,0.0
14,3,18,1,13.744000000000028,1,0,1,1.0,0.0
14,3,19,2,128.80000000000007,0,2,2,0.0,1.0
14,3,20,2,35.210000000000036,1,1,2,0.5,0.5
14,3,21,12,240.09199999999987,1,1,2,0.5,0.5
14,3,22,2,82.41200000000003,2,0,2,1.0,0.0
14,3,23,3,108.0139999999999,1,1,2,0.5,0.5
14,3,24,2,18.07900000000018,1,1,2,0.5,0.5
14,3,25,2,11.460999999999785,1,1,2,0.5,0.5
14,3,26,8,36.197000000000116,1,1,2,0.5,0.5
14,3,27,7,53.89799999999991,0,1,1,0.0,1.0
14,4,27,4,42.927000000000135,2,0,2,1.0,0.0
14,4,28,2,17.751999999999953,2,0,2,1.0,0.0
14,4,29,2,56.235999999999876,1,1,2,0.5,0.5
14,4,30,2,89.82899999999995,2,0,2,1.0,0.0
14,4,31,2,33.89200000000028,1,1,2,0.5,0.5
14,4,32,2,29.723999999999933,2,0,2,1.0,0.0
14,4,33,7,39.20499999999993,1,0,1,1.0,0.0
14,5,33,5,53.59899999999993,1,1,2,0.5,0.5
14,5,34,2,26.36500000000001,1,1,2,0.5,0.5
14,5,35,14,28.892000000000053,2,0,2,1.0,0.0
14,5,36,1,37.26200000000017,1,0,1,1.0,0.0
14,5,37,1,9.025000000000091,0,1,1,0.0,1.0
15,1,1,5,53.518,2,0,2,1.0,0.0
15,1,2,4,37.107,2,0,2,1.0,0.0
15,1,3,8,10.579999999999998,2,0,2,1.0,0.0
15,1,4,2,13.457000000000008,0,2,2,0.0,1.0
15,1,5,24,45.033,2,0,2,1.0,0.0
15,1,6,2,16.45599999999999,1,1,2,0.5,0.5
15,1,7,4,17.379999999999995,2,0,2,1.0,0.0
15,1,8,2,17.272999999999996,0,2,2,0.0,1.0
15,1,9,9,16.75600000000003,0,2,2,0.0,1.0
15,1,10,2,7.103999999999985,2,0,2,1.0,0.0
15,1,11,26,17.171999999999997,2,0,2,1.0,0.0
15,1,12,3,27.22,1,1,2,0.5,0.5
15,1,13,9,20.19999999999999,2,0,2,1.0,0.0
15,1,14,9,23.855999999999995,0,0,0,-1.0,2.0
15,2,14,16,81.42900000000003,0,0,0,-1.0,2.0
15,3,14,4,31.185000000000002,2,0,2,1.0,0.0
15,3,15,3,9.489000000000033,2,0,2,1.0,0.0
15,3,16,2,8.73399999999998,2,0,2,1.0,0.0
15,3,17,2,18.370000000000005,2,0,2,1.0,0.0
15,3,18,2,9.06699999999995,2,0,2,1.0,0.0
15,3,19,6,18.229000000000042,0,0,0,-1.0,2.0
15,4,19,9,36.56899999999996,2,0,2,1.0,0.0
15,4,20,2,13.02800000000002,1,1,2,0.5,0.5
15,4,21,2,9.198999999999955,2,0,2,1.0,0.0
15,4,22,4,35.97300000000007,1,1,2,0.5,0.5
15,4,23,2,20.103999999999928,2,0,2,1.0,0.0
15,4,24,2,18.099000000000046,1,1,2,0.5,0.5
15,4,25,2,20.408999999999992,2,0,2,1.0,0.0
15,4,26,2,10.891999999999939,1,1,2,0.5,0.5
15,4,27,2,13.659000000000106,1,1,2,0.5,0.5
15,4,28,2,8.795000000000073,1,1,2,0.5,0.5
15,4,29,2,13.24899999999991,2,0,2,1.0,0.0
15,4,30,7,14.25100000000009,1,0,1,1.0,0.0
15,5,30,3,38.09599999999989,2,0,2,1.0,0.0
15,5,31,3,22.605999999999995,2,0,2,1.0,0.0
15,5,32,2,12.843999999999937,2,0,2,1.0,0.0
15,5,33,2,15.427000000000021,2,0,2,1.0,0.0
15,5,34,2,6.715000000000032,2,0,2,1.0,0.0
15,5,35,9,22.577000000000112,0,0,0,-1.0,2.0
15,6,35,3,34.49000000000001,2,0,2,1.0,0.0
15,6,36,2,40.318999999999846,2,0,2,1.0,0.0
15,6,37,3,35.752000000000066,2,0,2,1.0,0.0
15,6,38,2,40.32199999999989,0,2,2,0.0,1.0
15,6,39,2,11.14400000000012,2,0,2,1.0,0.0
15,6,40,2,14.60599999999988,2,0,2,1.0,0.0
15,6,41,8,50.27200000000016,1,0,1,1.0,0.0
15,7,41,18,107.99799999999982,2,0,2,1.0,0.0
15,7,42,2,11.007000000000062,2,0,2,1.0,0.0
15,7,43,2,8.831000000000131,0,2,2,0.0,1.0
15,7,44,2,10.773999999999887,1,1,2,0.5,0.5
15,7,45,2,11.637000000000171,1,1,2,0.5,0.5
15,7,46,2,12.99799999999982,1,1,2,0.5,0.5
15,7,47,2,11.848999999999933,2,0,2,1.0,0.0
15,7,48,4,14.922000000000025,2,0,2,1.0,0.0
15,7,49,2,14.803000000000111,2,0,2,1.0,0.0
15,7,50,2,61.562000000000126,0,2,2,0.0,1.0
15,7,51,2,15.514999999999873,1,1,2,0.5,0.5
15,7,52,3,36.17699999999991,1,1,2,0.5,0.5
15,7,53,2,16.36700000000019,2,0,2,1.0,0.0
15,7,54,2,12.191000000000031,1,1,2,0.5,0.5
15,7,55,2,13.048999999999978,1,1,2,0.5,0.5
15,7,56,2,7.155999999999949,0,2,2,0.0,1.0
15,7,57,2,23.845000000000027,1,1,2,0.5,0.5
15,7,58,2,17.322999999999865,2,0,2,1.0,0.0
15,7,59,2,6.898999999999887,1,1,2,0.5,0.5
15,7,60,8,24.17600000000016,1,1,2,0.5,0.5
15,7,61,2,17.57399999999984,2,0,2,1.0,0.0
15,7,62,9,32.80300000000034,1,0,1,1.0,0.0
15,8,62,6,54.33699999999976,2,0,2,1.0,0.0
15,8,63,2,19.93300000000022,1,1,2,0.5,0.5
15,8,64,2,30.967999999999847,2,0,2,1.0,0.0
15,8,65,2,6.190000000000055,1,1,2,0.5,0.5
15,8,66,2,7.862999999999829,1,1,2,0.5,0.5
15,8,67,2,20.8420000000001,2,0,2,1.0,0.0
15,8,68,3,16.309999999999945,0,2,2,0.0,1.0
15,8,69,2,15.76299999999992,2,0,2,1.0,0.0
16,1,1,12,168.724,2,0,2,1.0,0.0
16,1,2,2,25.187000000000012,1,1,2,0.5,0.5
16,1,3,2,24.02799999999999,2,0,2,1.0,0.0
16,1,4,2,14.265999999999991,2,0,2,1.0,0.0
16,1,5,2,35.672000000000025,1,1,2,0.5,0.5
16,1,6,2,11.675999999999988,2,0,2,1.0,0.0
16,1,7,11,56.39300000000003,1,0,1,1.0,0.0
16,2,7,4,55.93000000000001,2,0,2,1.0,0.0
16,2,8,4,49.42599999999999,2,0,2,1.0,0.0
16,2,9,2,16.71999999999997,1,1,2,0.5,0.5
16,2,10,3,13.759999999999991,2,0,2,1.0,0.0
16,2,11,2,26.045000000000016,1,1,2,0.5,0.5
16,2,12,2,7.661000000000001,1,1,2,0.5,0.5
16,2,13,2,20.013000000000034,2,0,2,1.0,0.0
16,2,14,2,8.970000000000027,1,1,2,0.5,0.5
16,2,15,2,8.225999999999885,1,1,2,0.5,0.5
16,2,16,8,14.081999999999994,1,0,1,1.0,0.0
16,3,16,3,25.495000000000005,2,0,2,1.0,0.0
16,3,17,2,37.47100000000012,1,1,2,0.5,0.5
16,3,18,2,23.395999999999958,2,0,2,1.0,0.0
16,3,19,2,11.495999999999981,2,0,2,1.0,0.0
16,3,20,2,17.83000000000004,1,1,2,0.5,0.5
16,3,21,2,21.133000000000038,1,1,2,0.5,0.5
16,3,22,2,15.301999999999907,1,1,2,0.5,0.5
16,3,23,2,24.723999999999933,1,1,2,0.5,0.5
16,3,24,2,19.879999999999995,1,1,2,0.5,0.5
16,3,25,2,16.683000000000106,1,1,2,0.5,0.5
16,3,26,2,7.179000000000087,2,0,2,1.0,0.0
16,3,27,3,25.50999999999999,1,1,2,0.5,0.5
16,3,28,2,16.03599999999983,1,1,2,0.5,0.5
16,3,29,7,10.84800000000007,1,0,1,1.0,0.0
16,4,29,2,16.003000000000043,2,0,2,1.0,0.0
16,4,30,2,12.91199999999992,2,0,2,1.0,0.0
16,4,31,2,16.226999999999975,1,1,2,0.5,0.5
16,4,32,2,13.19900000000007,1,1,2,0.5,0.5
16,4,33,2,16.448999999999955,1,1,2,0.5,0.5
16,4,34,2,8.981999999999971,1,1,2,0.5,0.5
16,4,35,3,12.389999999999986,1,1,2,0.5,0.5
16,4,36,2,14.756000000000085,1,1,2,0.5,0.5
16,4,37,2,15.775999999999954,1,1,2,0.5,0.5
16,4,38,11,42.24400000000003,1,1,2,0.5,0.5
16,4,39,2,22.105000000000018,2,0,2,1.0,0.0
16,4,40,2,7.29099999999994,2,0,2,1.0,0.0
16,4,41,2,8.59900000000016,2,0,2,1.0,0.0
16,4,42,2,3.673000000000002,2,0,2,1.0,0.0
16,4,43,2,8.146999999999935,2,0,2,1.0,0.0
16,4,44,2,17.077999999999975,2,0,2,1.0,0.0
16,4,45,2,7.105000000000018,2,0,2,1.0,0.0
16,4,46,2,17.551999999999907,0,2,2,0.0,1.0
16,4,47,2,29.61200000000008,0,2,2,0.0,1.0
16,4,48,2,20.756000000000085,0,2,2,0.0,1.0
16,4,49,2,13.692000000000007,0,2,2,0.0,1.0
16,4,50,2,14.051999999999907,1,1,2,0.5,0.5
16,4,51,2,6.022999999999911,1,1,2,0.5,0.5
16,4,52,16,96.39200000000005,0,1,1,0.0,1.0
17,1,1,6,54.844,2,0,2,1.0,0.0
17,1,2,2,37.59700000000001,2,0,2,1.0,0.0
17,1,3,4,72.61700000000002,2,0,2,1.0,0.0
17,1,4,2,18.97999999999999,2,0,2,1.0,0.0
17,1,5,3,19.724999999999994,2,0,2,1.0,0.0
17,1,6,9,20.19399999999999,0,0,0,-1.0,2.0
17,2,6,3,36.515000000000015,2,0,2,1.0,0.0
17,2,7,2,18.185000000000002,2,0,2,1.0,0.0
17,2,8,3,13.331999999999994,2,0,2,1.0,0.0
17,2,9,2,11.305999999999983,1,1,2,0.5,0.5
17,2,10,2,23.099999999999966,2,0,2,1.0,0.0
17,2,11,2,9.886000000000024,2,0,2,1.0,0.0
17,2,12,6,8.603000000000009,0,0,0,-1.0,2.0
17,3,12,4,48.08100000000002,2,0,2,1.0,0.0
17,3,13,2,9.718000000000018,0,2,2,0.0,1.0
17,3,14,2,19.347999999999956,2,0,2,1.0,0.0
17,3,15,2,11.949000000000012,2,0,2,1.0,0.0
17,3,16,3,30.95300000000003,2,0,2,1.0,0.0
17,3,17,2,19.015999999999963,2,0,2,1.0,0.0
17,3,18,2,50.178,1,1,2,0.5,0.5
17,3,19,2,14.230999999999995,2,0,2,1.0,0.0
17,3,20,4,35.956999999999994,1,1,2,0.5,0.5
17,3,21,6,12.869000000000028,0,0,0,-1.0,2.0
17,4,21,2,39.36900000000003,2,0,2,1.0,0.0
17,4,22,2,20.812000000000012,2,0,2,1.0,0.0
17,4,23,2,11.697000000000003,1,1,2,0.5,0.5
17,4,24,2,15.97199999999998,1,1,2,0.5,0.5
17,4,25,2,10.56899999999996,2,0,2,1.0,0.0
17,4,26,2,28.211000000000013,1,1,2,0.5,0.5
17,4,27,2,9.96300000000008,1,1,2,0.5,0.5
17,4,28,2,17.284999999999968,2,0,2,1.0,0.0
17,4,29,2,23.99000000000001,1,1,2,0.5,0.5
17,4,30,7,26.909999999999968,1,0,1,1.0,0.0
17,5,30,2,36.87199999999996,1,1,2,0.5,0.5
17,5,31,2,40.34100000000012,1,1,2,0.5,0.5
17,5,32,3,31.055999999999813,2,0,2,1.0,0.0
17,5,33,2,29.873000000000047,2,0,2,1.0,0.0
17,5,34,2,36.63300000000004,2,0,2,1.0,0.0
17,5,35,3,23.95399999999995,1,1,2,0.5,0.5
17,5,36,3,41.9369999999999,2,0,2,1.0,0.0
17,5,37,2,17.097000000000207,1,1,2,0.5,0.5
17,5,38,7,16.684999999999945,1,0,1,1.0,0.0
18,1,1,15,173.524,2,0,2,1.0,0.0
18,1,2,2,17.838000000000022,2,0,2,1.0,0.0
18,1,3,6,91.13899999999998,2,0,2,1.0,0.0
18,1,4,2,8.863,2,0,2,1.0,0.0
18,1,5,3,47.49400000000003,1,1,2,0.5,0.5
18,1,6,3,12.103999999999985,2,0,2,1.0,0.0
18,1,7,11,107.33000000000004,0,0,0,-1.0,2.0
18,2,7,26,142.25599999999997,1,0,1,1.0,0.0
18,3,7,3,116.4960000000001,2,0,2,1.0,0.0
18,3,8,4,18.7109999999999,2,0,2,1.0,0.0
18,3,9,2,98.774,1,1,2,0.5,0.5
18,3,10,2,8.745000000000005,2,0,2,1.0,0.0
18,3,11,2,81.72199999999998,2,0,2,1.0,0.0
18,3,12,4,69.49400000000003,1,1,2,0.5,0.5
18,3,13,2,20.937999999999988,2,0,2,1.0,0.0
18,3,14,2,50.75100000000009,1,1,2,0.5,0.5
18,3,15,9,172.12699999999995,0,1,1,0.0,1.0
18,4,15,2,54.577999999999975,2,0,2,1.0,0.0
18,4,16,2,16.70900000000006,1,1,2,0.5,0.5
18,4,17,3,59.9670000000001,2,0,2,1.0,0.0
18,4,18,2,27.962999999999738,2,0,2,1.0,0.0
18,4,19,2,32.072999999999865,2,0,2,1.0,0.0
18,4,20,2,15.824000000000296,2,0,2,1.0,0.0
18,4,21,7,10.76299999999992,0,0,0,-1.0,2.0
18,5,21,3,53.12700000000018,2,0,2,1.0,0.0
18,5,22,2,34.21599999999967,2,0,2,1.0,0.0
18,5,23,2,19.976000000000113,2,0,2,1.0,0.0
18,5,24,2,9.003000000000156,2,0,2,1.0,0.0
18,5,25,2,28.360999999999876,1,1,2,0.5,0.5
18,5,26,2,8.514000000000124,2,0,2,1.0,0.0
18,5,27,3,180.5519999999999,1,1,2,0.5,0.5
18,5,28,13,45.57399999999984,0,0,0,-1.0,2.0
19,1,1,8,58.273,1,1,2,0.5,0.5
19,1,2,10,101.54499999999999,2,0,2,1.0,0.0
19,1,3,2,15.982,2,0,2,1.0,0.0
19,1,4,3,60.043000000000035,2,0,2,1.0,0.0
19,1,5,2,53.53800000000001,2,0,2,1.0,0.0
19,1,6,2,22.588999999999942,1,1,2,0.5,0.5
19,1,7,3,25.559000000000026,2,0,2,1.0,0.0
19,1,8,10,66.61099999999999,1,0,1,1.0,0.0
19,2,8,13,101.19400000000002,1,1,2,0.5,0.5
19,2,9,2,20.464999999999975,1,1,2,0.5,0.5
19,2,10,2,32.19100000000003,1,1,2,0.5,0.5
19,2,11,2,62.277000000000044,0,2,2,0.0,1.0
19,2,12,2,36.837999999999965,1,1,2,0.5,0.5
19,2,13,2,19.241999999999962,2,0,2,1.0,0.0
19,2,14,12,78.43700000000001,0,1,1,0.0,1.0
19,3,14,5,67.27999999999997,2,0,2,1.0,0.0
19,3,15,2,19.33699999999999,1,1,2,0.5,0.5
19,3,16,2,25.875,2,0,2,1.0,0.0
19,3,17,2,18.119000000000142,1,1,2,0.5,0.5
19,3,18,2,15.53599999999983,2,0,2,1.0,0.0
19,3,19,2,11.563000000000102,2,0,2,1.0,0.0
19,3,20,2,26.381999999999948,1,1,2,0.5,0.5
19,3,21,7,20.041000000000054,1,0,1,1.0,0.0
19,4,21,2,37.71500000000003,2,0,2,1.0,0.0
19,4,22,2,27.57899999999995,2,0,2,1.0,0.0
19,4,23,4,67.29099999999994,1,1,2,0.5,0.5
19,4,24,3,51.32899999999995,2,0,2,1.0,0.0
19,4,25,2,15.261999999999944,2,0,2,1.0,0.0
19,4,26,2,17.539000000000215,1,1,2,0.5,0.5
19,4,27,9,15.435999999999922,1,0,1,1.0,0.0
19,5,27,33,91.73800000000006,1,1,2,0.5,0.5
19,5,28,55,78.7840000000001,1,1,2,0.5,0.5
19,5,29,11,29.53099999999995,0,0,0,-1.0,2.0
19,6,29,11,69.06899999999996,1,1,2,0.5,0.5
19,6,30,3,16.914999999999964,1,1,2,0.5,0.5
19,6,31,2,8.101999999999862,1,1,2,0.5,0.5
19,6,32,2,5.716000000000122,1,1,2,0.5,0.5
19,6,33,6,129.586,1,1,2,0.5,0.5
19,6,34,6,12.434999999999945,0,0,0,-1.0,2.0
20,1,1,10,77.59200000000001,2,0,2,1.0,0.0
20,1,2,6,67.92899999999999,2,0,2,1.0,0.0
20,1,3,2,15.044000000000011,2,0,2,1.0,0.0
20,1,4,2,11.014999999999986,1,1,2,0.5,0.5
20,1,5,2,17.704999999999984,2,0,2,1.0,0.0
20,1,6,2,7.004000000000019,2,0,2,1.0,0.0
20,1,7,2,11.085999999999984,2,0,2,1.0,0.0
20,1,8,3,14.523000000000025,2,0,2,1.0,0.0
20,1,9,6,40.49000000000001,2,0,2,1.0,0.0
20,1,10,2,13.716999999999985,2,0,2,1.0,0.0
20,1,11,2,6.812000000000012,2,0,2,1.0,0.0
20,1,12,9,31.944999999999993,0,0,0,-1.0,2.0
20,2,12,5,91.65100000000001,2,0,2,1.0,0.0
20,2,13,6,45.85299999999995,2,0,2,1.0,0.0
20,2,14,3,28.289000000000044,2,0,2,1.0,0.0
20,2,15,2,67.18499999999995,2,0,2,1.0,0.0
20,2,16,4,31.960000000000036,2,0,2,1.0,0.0
20,2,17,2,35.38300000000004,2,0,2,1.0,0.0
20,2,18,2,46.807000000000016,2,0,2,1.0,0.0
20,2,19,7,27.250999999999976,1,0,1,1.0,0.0
20,3,19,3,56.87099999999998,2,0,2,1.0,0.0
20,3,20,2,40.273000000000025,2,0,2,1.0,0.0
20,3,21,2,51.88499999999999,2,0,2,1.0,0.0
20,3,22,13,54.235000000000014,2,0,2,1.0,0.0
20,3,23,27,35.980999999999995,0,0,0,-1.0,2.0
20,4,23,3,49.374000000000024,2,0,2,1.0,0.0
20,4,24,2,46.41399999999999,2,0,2,1.0,0.0
20,4,25,2,75.74299999999994,1,1,2,0.5,0.5
20,4,26,2,13.753999999999905,2,0,2,1.0,0.0
20,4,27,2,16.177000000000135,1,1,2,0.5,0.5
20,4,28,2,3.338999999999942,2,0,2,1.0,0.0
20,4,29,7,23.0150000000001,1,0,1,1.0,0.0
21,1,1,4,46.190000000000005,2,0,2,1.0,0.0
21,1,2,5,70.59299999999999,2,0,2,1.0,0.0
21,1,3,4,79.04199999999997,2,0,2,1.0,0.0
21,1,4,2,13.047000000000025,2,0,2,1.0,0.0
21,1,5,2,10.031000000000006,2,0,2,1.0,0.0
21,1,6,2,29.24600000000001,2,0,2,1.0,0.0
21,1,7,5,32.84699999999998,2,0,2,1.0,0.0
21,1,8,2,20.623999999999967,2,0,2,1.0,0.0
21,1,9,3,6.244000000000028,2,0,2,1.0,0.0
21,1,10,10,28.65900000000005,1,0,1,1.0,0.0
21,2,10,21,119.76499999999999,0,0,0,-1.0,2.0
21,3,10,2,22.415999999999997,2,0,2,1.0,0.0
21,3,11,2,28.252999999999986,2,0,2,1.0,0.0
21,3,12,2,23.281000000000063,2,0,2,1.0,0.0
21,3,13,2,18.38799999999992,1,1,2,0.5,0.5
21,3,14,2,14.284999999999968,2,0,2,1.0,0.0
21,3,15,2,5.884999999999991,2,0,2,1.0,0.0
21,3,16,11,29.624000000000024,0,2,2,0.0,1.0
21,3,17,2,36.69500000000005,1,1,2,0.5,0.5
21,3,18,22,39.735000000000014,1,0,1,1.0,0.0
21,4,18,2,35.06899999999996,2,0,2,1.0,0.0
21,4,19,2,31.838999999999942,2,0,2,1.0,0.0
21,4,20,2,12.92999999999995,2,0,2,1.0,0.0
21,4,21,2,8.237000000000194,1,1,2,0.5,0.5
21,4,22,2,14.462999999999852,1,1,2,0.5,0.5
21,4,23,2,25.488000000000056,2,0,2,1.0,0.0
21,4,24,2,22.59699999999998,1,1,2,0.5,0.5
21,4,25,2,9.629000000000019,1,1,2,0.5,0.5
21,4,26,2,56.26800000000003,2,0,2,1.0,0.0
21,4,27,2,5.838999999999942,1,1,2,0.5,0.5
21,4,28,7,54.23100000000011,1,0,1,1.0,0.0
21,5,28,2,43.295999999999935,2,0,2,1.0,0.0
21,5,29,2,6.794999999999959,1,1,2,0.5,0.5
21,5,30,2,18.40199999999993,2,0,2,1.0,0.0
21,5,31,2,4.877000000000066,2,0,2,1.0,0.0
21,5,32,2,10.558999999999969,2,0,2,1.0,0.0
21,5,33,2,4.026000000000067,2,0,2,1.0,0.0
21,5,34,2,52.289999999999964,0,2,2,0.0,1.0
21,5,35,2,13.403999999999996,2,0,2,1.0,0.0
21,5,36,4,49.128999999999905,2,0,2,1.0,0.0
21,5,37,2,11.357000000000198,0,2,2,0.0,1.0
21,5,38,9,12.25500000000011,0,0,0,-1.0,2.0
21,6,38,3,26.10799999999972,1,1,2,0.5,0.5
21,6,39,2,7.444000000000187,2,0,2,1.0,0.0
21,6,40,11,67.26199999999994,0,2,2,0.0,1.0
21,6,41,7,10.19399999999996,1,0,1,1.0,0.0
22,1,1,7,66.342,2,0,2,1.0,0.0
22,1,2,2,19.545,1,1,2,0.5,0.5
22,1,3,4,64.03500000000001,2,0,2,1.0,0.0
22,1,4,6,15.552999999999997,2,0,2,1.0,0.0
22,1,5,2,36.36299999999997,1,1,2,0.5,0.5
22,1,6,2,22.626000000000033,1,1,2,0.5,0.5
22,1,7,2,26.792999999999978,1,1,2,0.5,0.5
22,1,8,2,6.393000000000001,2,0,2,1.0,0.0
22,1,9,13,40.601,1,0,1,1.0,0.0
22,2,9,5,49.617999999999995,1,1,2,0.5,0.5
22,2,10,8,29.579000000000065,1,1,2,0.5,0.5
22,2,11,1,9.602999999999952,1,0,1,1.0,0.0
22,2,12,2,20.653999999999996,0,2,2,0.0,1.0
22,2,13,8,26.73199999999997,1,1,2,0.5,0.5
22,2,14,2,7.824000000000012,1,1,2,0.5,0.5
22,2,15,3,19.994000000000028,1,1,2,0.5,0.5
22,2,16,2,51.160999999999945,1,1,2,0.5,0.5
22,2,17,2,17.315000000000055,1,1,2,0.5,0.5
22,2,18,2,24.995000000000005,1,1,2,0.5,0.5
22,2,19,2,14.130999999999972,1,1,2,0.5,0.5
22,2,20,2,52.287000000000035,1,1,2,0.5,0.5
22,2,21,3,16.237999999999943,1,1,2,0.5,0.5
22,2,22,2,9.339000000000055,1,1,2,0.5,0.5
22,2,23,3,139.86400000000003,2,0,2,1.0,0.0
22,2,24,2,11.168999999999869,1,1,2,0.5,0.5
22,2,25,2,55.17000000000007,1,1,2,0.5,0.5
22,2,26,7,42.05499999999995,0,1,1,0.0,1.0
22,3,26,3,19.1160000000001,2,0,2,1.0,0.0
22,3,27,2,26.483999999999924,2,0,2,1.0,0.0
22,3,28,2,14.199999999999932,1,1,2,0.5,0.5
22,3,29,2,41.43500000000006,2,0,2,1.0,0.0
22,3,30,2,10.684999999999945,1,1,2,0.5,0.5
22,3,31,2,16.261000000000195,2,0,2,1.0,0.0
22,3,32,2,14.588999999999942,1,1,2,0.5,0.5
22,3,33,2,25.548999999999978,2,0,2,1.0,0.0
22,3,34,2,21.80300000000011,1,1,2,0.5,0.5
22,3,35,7,18.66599999999994,0,1,1,0.0,1.0
22,4,35,2,22.677999999999884,2,0,2,1.0,0.0
22,4,36,2,15.896999999999935,1,1,2,0.5,0.5
22,4,37,2,15.805000000000064,2,0,2,1.0,0.0
22,4,38,2,14.151000000000067,2,0,2,1.0,0.0
22,4,39,4,15.951000000000022,2,0,2,1.0,0.0
22,4,40,2,14.783999999999878,1,1,2,0.5,0.5
22,4,41,2,21.814000000000078,1,1,2,0.5,0.5
22,4,42,2,6.0750000000000455,1,1,2,0.5,0.5
22,4,43,4,42.799999999999955,1,1,2,0.5,0.5
22,4,44,2,11.847999999999956,1,1,2,0.5,0.5
22,4,45,2,18.59400000000005,2,0,2,1.0,0.0
22,4,46,7,10.383000000000038,0,1,1,0.0,1.0
22,5,46,26,28.93399999999997,2,0,2,1.0,0.0
22,5,47,10,74.32400000000007,2,0,2,1.0,0.0
22,5,48,2,19.952999999999747,1,1,2,0.5,0.5
22,5,49,4,15.402000000000271,2,0,2,1.0,0.0
22,5,50,2,32.82600000000002,1,1,2,0.5,0.5
22,5,51,2,16.684999999999945,1,1,2,0.5,0.5
22,5,52,2,3.6389999999998963,2,0,2,1.0,0.0
22,5,53,10,41.17100000000005,1,0,1,1.0,0.0
22,6,53,7,28.508000000000038,2,0,2,1.0,0.0
22,6,54,2,7.442999999999984,1,1,2,0.5,0.5
22,6,55,2,11.125999999999749,2,0,2,1.0,0.0
22,6,56,2,17.485000000000127,1,1,2,0.5,0.5
22,6,57,2,24.615999999999985,2,0,2,1.0,0.0
22,6,58,2,4.9939999999999145,1,1,2,0.5,0.5
22,6,59,2,12.079000000000406,1,1,2,0.5,0.5
22,6,60,2,11.503999999999905,2,0,2,1.0,0.0
22,6,61,2,20.05199999999968,1,1,2,0.5,0.5
22,6,62,2,13.790000000000191,2,0,2,1.0,0.0
22,6,63,7,14.031999999999925,0,1,1,0.0,1.0
23,1,1,7,42.425,2,0,2,1.0,0.0
23,1,2,4,12.260000000000005,2,0,2,1.0,0.0
23,1,3,2,5.636000000000003,2,0,2,1.0,0.0
23,1,4,2,18.255000000000003,2,0,2,1.0,0.0
23,1,5,2,7.454999999999984,2,0,2,1.0,0.0
23,1,6,3,10.214000000000013,2,0,2,1.0,0.0
23,1,7,13,63.76899999999999,0,0,0,-1.0,2.0
23,2,7,3,23.293000000000006,2,0,2,1.0,0.0
23,2,8,3,23.66500000000002,1,1,2,0.5,0.5
23,2,9,2,11.720999999999975,2,0,2,1.0,0.0
23,2,10,2,20.487000000000023,2,0,2,1.0,0.0
23,2,11,5,16.11699999999999,0,2,2,0.0,1.0
23,2,12,2,6.449999999999989,2,0,2,1.0,0.0
23,2,13,2,13.466999999999985,0,2,2,0.0,1.0
23,2,14,3,6.26400000000001,2,0,2,1.0,0.0
23,2,15,2,5.3209999999999695,0,2,2,0.0,1.0
23,2,16,2,17.92300000000006,2,0,2,1.0,0.0
23,2,17,5,34.30099999999999,0,2,2,0.0,1.0
23,2,18,2,11.881999999999948,2,0,2,1.0,0.0
23,2,19,7,17.476000000000056,0,1,1,0.0,1.0
23,3,19,2,14.79299999999995,2,0,2,1.0,0.0
23,3,20,2,25.878000000000043,2,0,2,1.0,0.0
23,3,21,3,9.106999999999971,2,0,2,1.0,0.0
23,3,22,2,16.729000000000042,2,0,2,1.0,0.0
23,3,23,8,23.569000000000017,1,0,1,1.0,0.0
23,4,23,7,22.069999999999993,2,0,2,1.0,0.0
23,4,24,2,17.214999999999975,2,0,2,1.0,0.0
23,4,25,2,4.051999999999964,2,0,2,1.0,0.0
23,4,26,2,19.957000000000107,2,0,2,1.0,0.0
23,4,27,8,9.107999999999947,1,0,1,1.0,0.0
23,5,27,5,63.23199999999997,2,0,2,1.0,0.0
23,5,28,2,20.884000000000015,2,0,2,1.0,0.0
23,5,29,2,4.86099999999999,2,0,2,1.0,0.0
23,5,30,2,14.423999999999978,1,1,2,0.5,0.5
23,5,31,2,8.597000000000094,2,0,2,1.0,0.0
23,5,32,12,25.937999999999874,1,0,1,1.0,0.0
23,6,32,7,25.33100000000013,2,0,2,1.0,0.0
23,6,33,2,8.395999999999844,2,0,2,1.0,0.0
23,6,34,37,17.041000000000054,2,0,2,1.0,0.0
23,6,35,2,8.517000000000053,2,0,2,1.0,0.0
23,6,36,7,9.364999999999895,1,0,1,1.0,0.0
23,7,36,3,36.065000000000055,2,0,2,1.0,0.0
23,7,37,2,15.486999999999966,2,0,2,1.0,0.0
23,7,38,2,11.044999999999959,2,0,2,1.0,0.0
23,7,39,2,6.852000000000203,2,0,2,1.0,0.0
23,7,40,7,8.170999999999822,1,0,1,1.0,0.0
23,8,40,56,69.78500000000008,2,0,2,1.0,0.0
23,8,41,2,9.251999999999953,2,0,2,1.0,0.0
23,8,42,2,16.156000000000063,2,0,2,1.0,0.0
23,8,43,2,25.136999999999944,2,0,2,1.0,0.0
23,8,44,7,9.494000000000142,1,0,1,1.0,0.0
23,9,44,3,25.183999999999855,2,0,2,1.0,0.0
23,9,45,2,59.388999999999896,1,1,2,0.5,0.5
23,9,46,2,16.9670000000001,2,0,2,1.0,0.0
23,9,47,2,24.13700000000017,2,0,2,1.0,0.0
23,9,48,2,20.075999999999794,2,0,2,1.0,0.0
23,9,49,7,8.347999999999956,1,0,1,1.0,0.0
23,10,49,2,47.89700000000016,2,0,2,1.0,0.0
23,10,50,2,43.284999999999854,1,1,2,0.5,0.5
23,10,51,2,10.970000000000027,1,1,2,0.5,0.5
23,10,52,2,16.08900000000017,2,0,2,1.0,0.0
23,10,53,2,9.31399999999985,1,1,2,0.5,0.5
23,10,54,4,23.76800000000003,2,0,2,1.0,0.0
23,10,55,2,9.343000000000075,1,1,2,0.5,0.5
23,10,56,2,13.702999999999975,2,0,2,1.0,0.0
23,10,57,2,87.21600000000012,1,1,2,0.5,0.5
23,10,58,2,34.483999999999924,1,1,2,0.5,0.5
23,10,59,2,8.576000000000022,1,1,2,0.5,0.5
23,10,60,2,71.11299999999983,2,0,2,1.0,0.0
23,10,61,10,13.689000000000078,0,1,1,0.0,1.0
23,11,61,4,34.830999999999904,2,0,2,1.0,0.0
23,11,62,3,15.883000000000038,1,1,2,0.5,0.5
23,11,63,2,17.588000000000193,2,0,2,1.0,0.0
23,11,64,13,59.682999999999765,1,1,2,0.5,0.5
23,11,65,1,12.798999999999978,1,0,1,1.0,0.0
23,11,66,2,11.937000000000126,1,1,2,0.5,0.5
23,11,67,2,13.740999999999985,1,1,2,0.5,0.5
23,11,68,2,5.889000000000124,1,1,2,0.5,0.5
23,11,69,6,3.3539999999998145,0,0,0,-1.0,2.0
23,12,69,5,63.062000000000126,1,1,2,0.5,0.5
23,12,70,2,5.226000000000113,1,1,2,0.5,0.5
23,12,71,2,14.08199999999988,1,1,2,0.5,0.5
23,12,72,2,7.884999999999991,1,1,2,0.5,0.5
23,12,73,2,39.25899999999979,1,1,2,0.5,0.5
23,12,74,2,32.43600000000015,1,1,2,0.5,0.5
23,12,75,2,58.17100000000005,1,1,2,0.5,0.5
23,12,76,2,9.579999999999927,1,1,2,0.5,0.5
23,12,77,2,21.307999999999993,1,1,2,0.5,0.5
23,12,78,2,52.75900000000024,1,1,2,0.5,0.5
23,12,79,6,25.59999999999991,0,0,0,-1.0,2.0
24,1,1,11,104.345,2,0,2,1.0,0.0
24,1,2,4,94.59699999999998,2,0,2,1.0,0.0
24,1,3,2,15.746000000000038,2,0,2,1.0,0.0
24,1,4,2,8.647999999999996,2,0,2,1.0,0.0
24,1,5,11,26.900000000000006,1,0,1,1.0,0.0
24,2,5,4,75.233,2,0,2,1.0,0.0
24,2,6,3,40.03399999999999,2,0,2,1.0,0.0
24,2,7,2,15.309000000000026,2,0,2,1.0,0.0
24,2,8,2,16.92199999999997,2,0,2,1.0,0.0
24,2,9,2,10.795000000000016,2,0,2,1.0,0.0
24,2,10,4,16.718999999999994,2,0,2,1.0,0.0
24,2,11,6,7.8209999999999695,0,0,0,-1.0,2.0
24,3,11,4,33.94200000000001,2,0,2,1.0,0.0
24,3,12,2,16.673000000000002,2,0,2,1.0,0.0
24,3,13,2,7.459000000000003,2,0,2,1.0,0.0
24,3,14,2,11.52600000000001,2,0,2,1.0,0.0
24,3,15,3,6.0709999999999695,2,0,2,1.0,0.0
24,3,16,8,17.559000000000026,0,0,0,-1.0,2.0
24,4,16,3,42.702,2,0,2,1.0,0.0
24,4,17,2,14.34699999999998,2,0,2,1.0,0.0
24,4,18,2,27.134000000000015,2,0,2,1.0,0.0
24,4,19,2,11.651000000000067,2,0,2,1.0,0.0
24,4,20,2,19.399,2,0,2,1.0,0.0
24,4,21,6,3.7899999999999636,0,0,0,-1.0,2.0
24,5,21,5,56.47099999999989,2,0,2,1.0,0.0
24,5,22,2,34.738000000000056,1,1,2,0.5,0.5
24,5,23,2,37.04600000000005,2,0,2,1.0,0.0
24,5,24,2,19.771999999999935,1,1,2,0.5,0.5
24,5,25,2,9.225000000000023,2,0,2,1.0,0.0
24,5,26,2,11.146000000000072,1,1,2,0.5,0.5
24,5,27,2,5.503999999999905,1,1,2,0.5,0.5
24,5,28,2,13.34800000000007,2,0,2,1.0,0.0
24,5,29,10,19.081999999999994,1,0,1,1.0,0.0
24,6,29,3,25.664999999999964,2,0,2,1.0,0.0
24,6,30,3,30.573999999999955,2,0,2,1.0,0.0
24,6,31,3,12.081000000000017,1,1,2,0.5,0.5
24,6,32,3,12.873000000000047,1,1,2,0.5,0.5
24,6,33,4,11.325000000000045,1,1,2,0.5,0.5
24,6,34,2,28.003999999999905,2,0,2,1.0,0.0
24,6,35,2,10.429000000000087,1,1,2,0.5,0.5
24,6,36,2,10.260999999999967,2,0,2,1.0,0.0
24,6,37,3,32.94399999999996,1,1,2,0.5,0.5
24,6,38,2,26.439000000000078,2,0,2,1.0,0.0
24,6,39,2,6.111000000000104,1,1,2,0.5,0.5
24,6,40,2,8.924999999999955,1,1,2,0.5,0.5
24,6,41,6,3.0119999999999436,0,0,0,-1.0,2.0
24,7,41,3,30.301999999999907,2,0,2,1.0,0.0
24,7,42,2,15.304000000000087,1,1,2,0.5,0.5
24,7,43,2,5.179999999999836,1,1,2,0.5,0.5
24,7,44,2,14.12700000000018,2,0,2,1.0,0.0
24,7,45,2,30.263999999999896,1,1,2,0.5,0.5
24,7,46,2,12.86200000000008,2,0,2,1.0,0.0
24,7,47,2,5.875,1,1,2,0.5,0.5
24,7,48,2,32.59899999999993,1,1,2,0.5,0.5
24,7,49,3,18.746000000000095,2,0,2,1.0,0.0
24,7,50,4,41.90599999999995,2,0,2,1.0,0.0
24,7,51,2,11.548999999999978,1,1,2,0.5,0.5
24,7,52,6,8.083000000000084,0,0,0,-1.0,2.0
24,8,52,27,37.172000000000025,0,0,0,-1.0,2.0
24,9,52,31,52.88599999999974,2,0,2,1.0,0.0
24,9,53,12,45.674000000000206,2,0,2,1.0,0.0
24,9,54,27,62.2650000000001,1,1,2,0.5,0.5
24,9,55,2,24.39599999999973,2,0,2,1.0,0.0
24,9,56,2,43.10200000000009,2,0,2,1.0,0.0
24,9,57,7,23.49000000000001,1,0,1,1.0,0.0
24,10,57,3,40.930000000000064,2,0,2,1.0,0.0
24,10,58,2,5.845000000000027,2,0,2,1.0,0.0
24,10,59,2,14.297000000000025,2,0,2,1.0,0.0
24,10,60,2,9.0,2,0,2,1.0,0.0
24,10,61,2,6.111999999999853,2,0,2,1.0,0.0
24,10,62,9,14.091000000000122,0,0,0,-1.0,2.0
25,1,1,6,78.009,1,1,2,0.5,0.5
25,1,2,7,99.62899999999998,2,0,2,1.0,0.0
25,1,3,3,98.19200000000001,2,0,2,1.0,0.0
25,1,4,3,36.55799999999999,2,0,2,1.0,0.0
25,1,5,2,45.188999999999965,1,1,2,0.5,0.5
25,1,6,3,106.54900000000004,0,2,2,0.0,1.0
25,1,7,2,14.513000000000034,2,0,2,1.0,0.0
25,1,8,2,20.286,2,0,2,1.0,0.0
25,1,9,13,79.58900000000006,1,0,1,1.0,0.0
25,2,9,5,66.00599999999997,2,0,2,1.0,0.0
25,2,10,2,49.966999999999985,1,1,2,0.5,0.5
25,2,11,2,4.352999999999952,2,0,2,1.0,0.0
25,2,12,2,15.813000000000102,2,0,2,1.0,0.0
25,2,13,2,7.596999999999866,2,0,2,1.0,0.0
25,2,14,7,16.068000000000097,1,0,1,1.0,0.0
25,3,14,2,36.73300000000006,2,0,2,1.0,0.0
25,3,15,2,17.84199999999987,2,0,2,1.0,0.0
25,3,16,2,20.353000000000065,2,0,2,1.0,0.0
25,3,17,2,19.076999999999998,2,0,2,1.0,0.0
25,3,18,7,15.81499999999994,1,0,1,1.0,0.0
25,4,18,2,55.72199999999998,2,0,2,1.0,0.0
25,4,19,2,37.55000000000007,2,0,2,1.0,0.0
25,4,20,2,19.911000000000058,0,2,2,0.0,1.0
25,4,21,3,60.091999999999985,2,0,2,1.0,0.0
25,4,22,2,20.471999999999866,1,1,2,0.5,0.5
25,4,23,2,6.8940000000000055,1,1,2,0.5,0.5
25,4,24,2,31.595000000000027,2,0,2,1.0,0.0
25,4,25,2,92.53600000000006,1,1,2,0.5,0.5
25,4,26,1,16.44600000000014,1,0,1,1.0,0.0
25,4,27,2,7.7439999999999145,1,1,2,0.5,0.5
25,4,28,2,53.863000000000056,0,1,1,0.0,1.0
25,4,29,2,35.46399999999994,2,0,2,1.0,0.0
25,4,30,2,83.05400000000009,2,0,2,1.0,0.0
25,4,31,2,89.82899999999972,1,1,2,0.5,0.5
25,4,32,2,34.9820000000002,1,1,2,0.5,0.5
25,4,33,2,45.86500000000001,1,1,2,0.5,0.5
25,4,34,2,68.75,1,1,2,0.5,0.5
25,4,35,2,20.771999999999935,1,1,2,0.5,0.5
25,4,36,2,125.81499999999983,1,1,2,0.5,0.5
25,4,37,7,48.10300000000029,0,1,1,0.0,1.0
25,5,37,2,20.561999999999898,2,0,2,1.0,0.0
25,5,38,2,2.4699999999998,2,0,2,1.0,0.0
25,5,39,1,9.301000000000158,1,0,1,1.0,0.0
25,5,40,2,5.6870000000001255,2,0,2,1.0,0.0
25,5,41,1,2.5269999999998163,0,1,1,0.0,1.0
25,5,42,2,15.651000000000067,2,0,2,1.0,0.0
25,5,43,11,38.319999999999936,1,0,1,1.0,0.0
26,1,1,14,155.31699999999998,1,1,2,0.5,0.5
26,1,2,9,29.000999999999976,2,0,2,1.0,0.0
26,1,3,4,57.509000000000015,2,0,2,1.0,0.0
26,1,4,1,18.567000000000007,1,0,1,1.0,0.0
26,1,5,2,6.146999999999991,2,0,2,1.0,0.0
26,1,6,2,8.232000000000028,1,0,1,1.0,0.0
26,1,7,12,80.58699999999999,1,0,1,1.0,0.0
26,2,7,3,43.423,1,1,2,0.5,0.5
26,2,8,2,9.442999999999984,2,0,2,1.0,0.0
26,2,9,3,40.12099999999998,2,0,2,1.0,0.0
26,2,10,3,12.006000000000029,1,1,2,0.5,0.5
26,2,11,2,14.70399999999995,2,0,2,1.0,0.0
26,2,12,7,17.099000000000046,2,0,2,1.0,0.0
26,2,13,2,4.3700000000000045,1,0,1,1.0,0.0
26,2,14,2,26.710999999999956,1,1,2,0.5,0.5
26,2,15,1,0.12999999999999545,1,0,1,1.0,0.0
26,2,16,7,16.05200000000002,1,1,2,0.5,0.5
26,2,17,1,7.177000000000021,0,1,1,0.0,1.0
26,2,18,2,8.617000000000075,1,1,2,0.5,0.5
26,2,19,3,28.291999999999916,0,1,1,0.0,1.0
26,2,20,2,1.6929999999999836,2,0,2,1.0,0.0
26,2,21,2,13.604000000000042,1,1,2,0.5,0.5
26,2,22,1,6.3700000000000045,0,1,1,0.0,1.0
26,2,23,2,5.84699999999998,0,2,2,0.0,1.0
26,2,24,2,21.937000000000012,2,0,2,1.0,0.0
26,2,25,2,7.115000000000009,1,1,2,0.5,0.5
26,2,26,1,23.247999999999934,0,1,1,0.0,1.0
26,2,27,2,3.691000000000031,2,0,2,1.0,0.0
26,2,28,1,0.9099999999999682,0,1,1,0.0,1.0
26,2,29,2,201.70399999999995,1,1,2,0.5,0.5
26,2,30,14,59.361000000000104,0,2,2,0.0,1.0
26,2,31,2,67.69200000000001,2,0,2,1.0,0.0
26,2,32,2,50.521999999999935,0,2,2,0.0,1.0
26,2,33,2,31.711000000000013,1,1,2,0.5,0.5
26,2,34,2,13.646999999999935,2,0,2,1.0,0.0
26,2,35,2,45.25999999999999,0,2,2,0.0,1.0
26,2,36,9,49.30400000000009,2,0,2,1.0,0.0
26,2,37,6,11.139000000000124,0,0,0,-1.0,2.0
26,3,37,20,30.266999999999825,1,0,1,1.0,0.0
26,3,38,2,1.8390000000001692,2,0,2,1.0,0.0
26,3,39,5,16.345000000000027,2,0,2,1.0,0.0
26,3,40,1,3.395999999999958,1,0,1,1.0,0.0
26,3,41,7,30.62299999999982,2,0,2,1.0,0.0
26,3,42,4,2.2610000000001946,1,0,1,1.0,0.0
26,3,43,3,63.559999999999945,0,2,2,0.0,1.0
26,3,44,7,85.01699999999983,1,1,2,0.5,0.5
26,3,45,2,47.30100000000016,1,1,2,0.5,0.5
26,3,46,2,1.8460000000000036,1,1,2,0.5,0.5
26,3,47,2,58.05600000000004,0,2,2,0.0,1.0
26,3,48,2,2.701999999999771,2,0,2,1.0,0.0
26,3,49,1,30.61900000000037,0,1,1,0.0,1.0
26,3,50,2,13.516999999999825,2,0,2,1.0,0.0
26,3,51,6,7.2289999999998145,0,0,0,-1.0,2.0
26,4,51,1,12.240000000000009,0,0,0,-1.0,2.0
27,1,1,9,129.50799999999998,1,1,2,0.5,0.5
27,1,2,4,69.61400000000003,2,0,2,1.0,0.0
27,1,3,2,26.238999999999976,2,0,2,1.0,0.0
27,1,4,2,30.50200000000001,2,0,2,1.0,0.0
27,1,5,2,49.42599999999999,2,0,2,1.0,0.0
27,1,6,11,82.37700000000001,1,0,1,1.0,0.0
27,2,6,5,93.72500000000002,1,1,2,0.5,0.5
27,2,7,2,5.360000000000014,2,0,2,1.0,0.0
27,2,8,1,37.46199999999993,1,0,1,1.0,0.0
27,2,9,2,6.600999999999999,2,0,2,1.0,0.0
27,2,10,2,5.591000000000008,0,1,1,0.0,1.0
27,2,11,2,32.577,1,1,2,0.5,0.5
27,2,12,2,18.237999999999943,2,0,2,1.0,0.0
27,2,13,2,34.72600000000011,2,0,2,1.0,0.0
27,2,14,2,5.1059999999999945,1,1,2,0.5,0.5
27,2,15,2,24.458999999999946,2,0,2,1.0,0.0
27,2,16,3,37.74800000000005,2,0,2,1.0,0.0
27,2,17,7,16.303999999999974,0,0,0,-1.0,2.0
27,3,17,2,72.1110000000001,1,1,2,0.5,0.5
27,3,18,3,23.47199999999998,1,1,2,0.5,0.5
27,3,19,2,37.30199999999991,2,0,2,1.0,0.0
27,3,20,2,15.048000000000002,2,0,2,1.0,0.0
27,3,21,2,27.385999999999967,1,1,2,0.5,0.5
27,3,22,2,55.32299999999998,2,0,2,1.0,0.0
27,3,23,2,26.006999999999948,1,1,2,0.5,0.5
27,3,24,2,22.07900000000018,2,0,2,1.0,0.0
27,3,25,2,18.67599999999993,1,1,2,0.5,0.5
27,3,26,2,21.0920000000001,2,0,2,1.0,0.0
27,3,27,6,12.17599999999993,0,0,0,-1.0,2.0
27,4,27,2,20.173999999999978,1,1,2,0.5,0.5
27,4,28,2,14.816000000000031,2,0,2,1.0,0.0
27,4,29,1,15.174999999999955,1,0,1,1.0,0.0
27,4,30,2,2.826999999999998,1,1,2,0.5,0.5
27,4,31,1,6.8530000000000655,0,1,1,0.0,1.0
27,4,32,2,18.395999999999958,1,1,2,0.5,0.5
27,4,33,1,0.8509999999998854,1,0,1,1.0,0.0
27,4,34,2,30.723000000000184,2,0,2,1.0,0.0
27,4,35,1,12.02299999999991,1,0,1,1.0,0.0
27,4,36,2,7.113000000000056,2,0,2,1.0,0.0
27,4,37,2,11.18899999999985,1,1,2,0.5,0.5
27,4,38,2,13.46400000000017,1,1,2,0.5,0.5
27,4,39,2,13.27299999999991,1,1,2,0.5,0.5
27,4,40,2,7.429000000000087,2,0,2,1.0,0.0
27,4,41,4,42.61699999999996,1,1,2,0.5,0.5
27,4,42,2,19.238000000000056,1,1,2,0.5,0.5
27,4,43,2,20.34699999999998,1,1,2,0.5,0.5
27,4,44,7,30.378999999999905,1,0,1,1.0,0.0
27,5,44,12,72.05300000000011,2,0,2,1.0,0.0
27,5,45,1,11.801999999999907,1,0,1,1.0,0.0
27,5,46,2,11.473999999999933,1,1,2,0.5,0.5
27,5,47,1,4.039999999999964,1,0,1,1.0,0.0
27,5,48,2,13.162000000000035,1,1,2,0.5,0.5
27,5,49,2,13.75500000000011,1,1,2,0.5,0.5
27,5,50,2,26.047000000000025,1,1,2,0.5,0.5
27,5,51,2,17.736999999999853,2,0,2,1.0,0.0
27,5,52,2,31.253999999999905,1,1,2,0.5,0.5
27,5,53,2,9.126000000000204,1,1,2,0.5,0.5
27,5,54,2,48.23000000000002,2,0,2,1.0,0.0
27,5,55,2,9.208000000000084,1,1,2,0.5,0.5
27,5,56,2,19.22499999999991,1,1,2,0.5,0.5
27,5,57,2,22.992999999999938,2,0,2,1.0,0.0
27,5,58,9,17.32899999999995,0,0,0,-1.0,2.0
27,6,58,15,35.358999999999924,1,1,2,0.5,0.5
27,6,59,2,30.626000000000204,2,0,2,1.0,0.0
27,6,60,3,28.723000000000184,0,2,2,0.0,1.0
27,6,61,2,17.98799999999983,2,0,2,1.0,0.0
27,6,62,2,25.86299999999983,1,1,2,0.5,0.5
27,6,63,2,5.750999999999976,1,1,2,0.5,0.5
27,6,64,2,21.769999999999982,2,0,2,1.0,0.0
27,6,65,2,10.332000000000107,2,0,2,1.0,0.0
27,6,66,8,50.08600000000024,1,0,1,1.0,0.0
27,6,67,2,11.845999999999776,2,0,2,1.0,0.0
27,6,68,8,11.066000000000031,1,0,1,1.0,0.0
28,1,1,14,98.4,2,0,2,1.0,0.0
28,1,2,2,38.887,2,0,2,1.0,0.0
28,1,3,2,20.86499999999998,2,0,2,1.0,0.0
28,1,4,4,24.185000000000002,2,0,2,1.0,0.0
28,1,5,6,32.298,1,1,2,0.5,0.5
28,1,6,3,11.201999999999998,0,0,0,-1.0,2.0
28,2,6,12,44.697,2,0,2,1.0,0.0
28,2,7,2,2.781000000000006,1,0,1,1.0,0.0
28,2,8,2,16.783000000000015,2,0,2,1.0,0.0
28,2,9,2,19.49399999999997,1,1,2,0.5,0.5
28,2,10,2,3.9600000000000364,1,1,2,0.5,0.5
28,2,11,2,15.303999999999974,2,0,2,1.0,0.0
28,2,12,2,28.25999999999999,2,0,2,1.0,0.0
28,2,13,7,15.898000000000025,1,0,1,1.0,0.0
28,3,13,2,18.636999999999944,1,0,1,1.0,0.0
28,3,14,2,1.1370000000000573,2,0,2,1.0,0.0
28,3,15,2,11.645000000000039,2,0,2,1.0,0.0
28,3,16,2,1.5869999999999322,1,1,2,0.5,0.5
28,3,17,2,9.16900000000004,2,0,2,1.0,0.0
28,3,18,2,1.700999999999965,1,1,2,0.5,0.5
28,3,19,1,2.7280000000000086,1,0,1,1.0,0.0
28,3,20,2,11.956000000000017,2,0,2,1.0,0.0
28,3,21,7,12.121999999999957,0,1,1,0.0,1.0
28,4,21,3,16.239000000000033,1,1,2,0.5,0.5
28,4,22,2,11.780999999999949,1,0,1,1.0,0.0
28,4,23,2,2.543000000000063,1,1,2,0.5,0.5
28,4,24,1,4.305999999999983,1,0,1,1.0,0.0
28,4,25,2,14.454999999999984,1,1,2,0.5,0.5
28,4,26,1,1.4449999999999932,1,0,1,1.0,0.0
28,4,27,2,8.480999999999995,1,1,2,0.5,0.5
28,4,28,1,13.075000000000045,1,0,1,1.0,0.0
28,4,29,2,10.47199999999998,2,0,2,1.0,0.0
28,4,30,1,7.470000000000027,1,0,1,1.0,0.0
28,4,31,2,2.3559999999999945,2,0,2,1.0,0.0
28,4,32,6,5.6749999999999545,0,0,0,-1.0,2.0
28,5,32,2,17.186000000000035,2,0,2,1.0,0.0
28,5,33,2,19.759000000000015,1,1,2,0.5,0.5
28,5,34,2,4.817999999999984,1,1,2,0.5,0.5
28,5,35,9,27.430000000000064,2,0,2,1.0,0.0
28,5,36,2,13.24899999999991,2,0,2,1.0,0.0
28,5,37,1,7.706999999999994,0,1,1,0.0,1.0
28,5,38,2,3.6240000000000236,2,0,2,1.0,0.0
28,5,39,1,8.467999999999961,1,0,1,1.0,0.0
28,5,40,2,9.475999999999999,0,2,2,0.0,1.0
28,5,41,1,0.48500000000001364,1,0,1,1.0,0.0
28,5,42,2,7.812999999999988,1,1,2,0.5,0.5
28,5,43,1,1.2440000000000282,1,0,1,1.0,0.0
28,5,44,6,6.538000000000011,1,0,1,1.0,0.0
29,1,1,10,123.59299999999999,2,0,2,1.0,0.0
29,1,2,2,29.27000000000001,1,1,2,0.5,0.5
29,1,3,2,5.9909999999999854,2,0,2,1.0,0.0
29,1,4,1,12.580000000000013,0,1,1,0.0,1.0
29,1,5,2,18.27400000000003,2,0,2,1.0,0.0
29,1,6,1,0.4919999999999618,1,0,1,1.0,0.0
29,1,7,2,16.868000000000023,2,0,2,1.0,0.0
29,1,8,14,49.59699999999995,1,0,1,1.0,0.0
29,2,8,3,19.67700000000002,2,0,2,1.0,0.0
29,2,9,6,47.831999999999994,1,1,2,0.5,0.5
29,2,10,2,8.771999999999991,1,1,2,0.5,0.5
29,2,11,3,41.99600000000004,2,0,2,1.0,0.0
29,2,12,2,6.242999999999995,2,0,2,1.0,0.0
29,2,13,1,9.978999999999985,1,0,1,1.0,0.0
29,2,14,2,17.00999999999999,1,1,2,0.5,0.5
29,2,15,1,9.09699999999998,1,0,1,1.0,0.0
29,2,16,3,60.93600000000009,2,0,2,1.0,0.0
29,2,17,6,14.870999999999981,0,0,0,-1.0,2.0
29,3,17,3,33.819999999999936,2,0,2,1.0,0.0
29,3,18,3,28.293000000000006,1,1,2,0.5,0.5
29,3,19,2,56.347000000000094,1,1,2,0.5,0.5
29,3,20,2,18.049999999999955,1,1,2,0.5,0.5
29,3,21,3,9.711999999999989,1,1,2,0.5,0.5
29,3,22,2,14.187999999999988,1,1,2,0.5,0.5
29,3,23,2,3.0179999999999154,1,1,2,0.5,0.5
29,3,24,2,20.39300000000003,1,1,2,0.5,0.5
29,3,25,2,23.986000000000104,2,0,2,1.0,0.0
29,3,26,2,12.371999999999957,2,0,2,1.0,0.0
29,3,27,2,5.697000000000003,2,0,2,1.0,0.0
29,3,28,2,20.301999999999907,1,1,2,0.5,0.5
29,3,29,7,13.057000000000016,1,0,1,1.0,0.0
29,4,29,1,9.094000000000051,1,0,1,1.0,0.0
29,4,30,2,0.30700000000001637,0,2,2,0.0,1.0
29,4,31,2,0.018000000000029104,0,2,2,0.0,1.0
29,4,32,2,0.03300000000001546,0,2,2,0.0,1.0
29,4,33,1,0.009999999999990905,0,1,1,0.0,1.0
29,4,34,2,7.8419999999999845,1,1,2,0.5,0.5
29,4,35,1,1.774000000000001,0,1,1,0.0,1.0
29,4,36,2,2.9139999999999873,2,0,2,1.0,0.0
29,4,37,1,7.303999999999974,1,0,1,1.0,0.0
29,4,38,2,8.896000000000072,2,0,2,1.0,0.0
29,4,39,1,4.777999999999906,1,0,1,1.0,0.0
29,4,40,2,18.041000000000054,2,0,2,1.0,0.0
29,4,41,2,17.866999999999962,0,2,2,0.0,1.0
29,4,42,1,20.65400000000011,1,0,1,1.0,0.0
29,4,43,2,5.405999999999835,2,0,2,1.0,0.0
29,4,44,2,21.46300000000008,1,1,2,0.5,0.5
29,4,45,2,44.28499999999997,0,2,2,0.0,1.0
29,4,46,2,15.793999999999983,2,0,2,1.0,0.0
29,4,47,1,2.9340000000000828,0,1,1,0.0,1.0
29,4,48,2,25.930999999999926,2,0,2,1.0,0.0
29,4,49,8,18.649999999999977,0,1,1,0.0,1.0
29,5,49,2,12.311000000000035,2,0,2,1.0,0.0
29,5,50,3,27.641000000000076,2,0,2,1.0,0.0
29,5,51,1,9.67899999999986,0,1,1,0.0,1.0
29,5,52,2,8.55800000000022,1,1,2,0.5,0.5
29,5,53,2,10.69199999999978,2,0,2,1.0,0.0
29,5,54,2,3.8940000000000055,2,0,2,1.0,0.0
29,5,55,1,0.5150000000001,0,1,1,0.0,1.0
29,5,56,2,22.472999999999956,1,1,2,0.5,0.5
29,5,57,1,0.7889999999999873,1,0,1,1.0,0.0
29,5,58,2,6.788000000000011,1,1,2,0.5,0.5
29,5,59,1,1.0389999999999873,0,1,1,0.0,1.0
29,5,60,2,1.0730000000000928,1,1,2,0.5,0.5
29,5,61,1,6.260999999999967,1,0,1,1.0,0.0
29,5,62,2,0.8599999999999,1,1,2,0.5,0.5
29,5,63,2,8.638000000000147,0,2,2,0.0,1.0
29,5,64,1,0.0829999999998563,0,1,1,0.0,1.0
29,5,65,2,7.0150000000001,2,0,2,1.0,0.0
29,5,66,2,11.301999999999907,2,0,2,1.0,0.0
29,5,67,10,15.907000000000153,1,0,1,1.0,0.0
29,6,67,10,44.70399999999995,2,0,2,1.0,0.0
29,6,68,3,26.9079999999999,2,0,2,1.0,0.0
29,6,69,2,3.964999999999918,2,0,2,1.0,0.0
29,6,70,2,17.657000000000153,1,1,2,0.5,0.5
29,6,71,2,2.6269999999999527,1,1,2,0.5,0.5
29,6,72,1,7.253999999999905,1,0,1,1.0,0.0
29,6,73,2,9.338000000000193,1,1,2,0.5,0.5
29,6,74,1,3.3510000000001128,1,0,1,1.0,0.0
29,6,75,2,25.465999999999894,1,1,2,0.5,0.5
29,6,76,15,24.489000000000033,2,0,2,1.0,0.0
29,6,77,7,14.75,0,1,1,0.0,1.0
30,1,1,6,54.955999999999996,1,1,2,0.5,0.5
30,1,2,4,44.192,1,0,1,1.0,0.0
30,1,3,2,4.5789999999999935,1,1,2,0.5,0.5
30,1,4,1,1.2950000000000017,0,1,1,0.0,1.0
30,1,5,2,18.78800000000001,2,0,2,1.0,0.0
30,1,6,2,35.01399999999998,2,0,2,1.0,0.0
30,1,7,3,20.506,2,0,2,1.0,0.0
30,1,8,2,8.87100000000001,2,0,2,1.0,0.0
30,1,9,11,48.531000000000006,1,0,1,1.0,0.0
30,2,9,4,83.006,2,0,2,1.0,0.0
30,2,10,2,5.703000000000031,2,0,2,1.0,0.0
30,2,11,1,9.15100000000001,1,0,1,1.0,0.0
30,2,12,2,16.773999999999944,2,0,2,1.0,0.0
30,2,13,1,4.109999999999957,1,0,1,1.0,0.0
30,2,14,8,18.59800000000007,1,0,1,1.0,0.0
30,3,14,2,50.926999999999964,2,0,2,1.0,0.0
30,3,15,2,14.446000000000026,1,1,2,0.5,0.5
30,3,16,3,36.34500000000003,2,0,2,1.0,0.0
30,3,17,2,25.154999999999973,2,0,2,1.0,0.0
30,3,18,4,9.510000000000048,1,0,1,1.0,0.0
30,3,19,2,14.40100000000001,2,0,2,1.0,0.0
30,3,20,6,4.786999999999921,0,0,0,-1.0,2.0
30,4,20,2,41.61200000000008,2,0,2,1.0,0.0
30,4,21,5,14.447999999999865,2,0,2,1.0,0.0
30,4,22,2,16.290000000000077,2,0,2,1.0,0.0
30,4,23,1,8.29200000000003,1,0,1,1.0,0.0
30,4,24,2,1.7799999999999727,2,0,2,1.0,0.0
30,4,25,6,4.91700000000003,0,0,0,-1.0,2.0
30,5,25,4,31.741999999999962,2,0,2,1.0,0.0
30,5,26,8,35.30600000000004,2,0,2,1.0,0.0
30,5,27,12,17.955999999999904,2,0,2,1.0,0.0
30,5,28,1,18.254000000000133,1,0,1,1.0,0.0
30,5,29,2,12.913000000000011,1,1,2,0.5,0.5
30,5,30,3,8.073999999999955,1,0,1,1.0,0.0
30,5,31,10,14.986999999999966,1,0,1,1.0,0.0
30,6,31,6,73.80100000000004,2,0,2,1.0,0.0
30,6,32,2,24.61599999999987,2,0,2,1.0,0.0
30,6,33,22,60.90700000000015,1,0,1,1.0,0.0
30,6,34,2,5.398999999999887,1,1,2,0.5,0.5
30,6,35,2,50.384000000000015,1,0,1,1.0,0.0
30,6,36,19,70.92700000000002,1,1,2,0.5,0.5
30,6,37,2,21.6400000000001,2,0,2,1.0,0.0
30,6,38,5,20.277999999999793,0,0,0,-1.0,2.0
30,7,38,10,70.18900000000008,2,0,2,1.0,0.0
30,7,39,14,53.93100000000004,1,0,1,1.0,0.0
30,7,40,3,16.742999999999938,2,0,2,1.0,0.0
30,7,41,27,86.30700000000002,2,0,2,1.0,0.0
30,7,42,8,21.615999999999985,2,0,2,1.0,0.0
30,7,43,5,6.788999999999987,0,0,0,-1.0,2.0
30,8,43,7,43.57600000000002,2,0,2,1.0,0.0
30,8,44,5,32.983999999999924,1,0,1,1.0,0.0
30,8,45,17,37.15499999999997,2,0,2,1.0,0.0
30,8,46,10,45.06000000000017,2,0,2,1.0,0.0
30,8,47,2,4.766000000000076,2,0,2,1.0,0.0
30,8,48,6,15.166999999999916,0,0,0,-1.0,2.0
30,9,48,2,1.2719999999999345,2,0,2,1.0,0.0
30,9,49,1,1.2549999999998818,0,0,0,-1.0,2.0
31,1,1,12,104.386,1,1,2,0.5,0.5
31,1,2,3,32.66199999999999,2,0,2,1.0,0.0
31,1,3,2,28.536,2,0,2,1.0,0.0
31,1,4,2,15.931000000000012,2,0,2,1.0,0.0
31,1,5,2,30.525999999999982,2,0,2,1.0,0.0
31,1,6,4,49.765000000000015,2,0,2,1.0,0.0
31,1,7,5,23.395999999999958,1,1,2,0.5,0.5
31,1,8,2,35.53200000000004,1,1,2,0.5,0.5
31,1,9,2,27.100000000000023,1,1,2,0.5,0.5
31,1,10,2,9.241999999999962,1,1,2,0.5,0.5
31,1,11,2,23.754999999999995,1,1,2,0.5,0.5
31,1,12,2,20.289000000000044,1,1,2,0.5,0.5
31,1,13,2,33.15299999999996,1,1,2,0.5,0.5
31,1,14,3,32.995000000000005,1,1,2,0.5,0.5
31,1,15,10,186.625,0,1,1,0.0,1.0
31,2,15,4,67.678,2,0,2,1.0,0.0
31,2,16,3,94.86399999999992,2,0,2,1.0,0.0
31,2,17,2,6.6299999999999955,1,1,2,0.5,0.5
31,2,18,2,68.62800000000004,2,0,2,1.0,0.0
31,2,19,2,36.66700000000003,2,0,2,1.0,0.0
31,2,20,9,21.44100000000003,1,0,1,1.0,0.0
31,3,20,18,48.51699999999994,2,0,2,1.0,0.0
31,3,21,2,13.669000000000096,2,0,2,1.0,0.0
31,3,22,5,21.599000000000046,2,0,2,1.0,0.0
31,3,23,2,15.238999999999805,1,1,2,0.5,0.5
31,3,24,6,23.064000000000078,2,0,2,1.0,0.0
31,3,25,7,8.098999999999933,1,0,1,1.0,0.0
31,4,25,3,41.20600000000013,2,0,2,1.0,0.0
31,4,26,23,25.809999999999945,2,0,2,1.0,0.0
31,4,27,4,35.72900000000004,2,0,2,1.0,0.0
31,4,28,47,78.74000000000001,2,0,2,1.0,0.0
31,4,29,7,30.264000000000124,1,0,1,1.0,0.0
32,1,1,7,123.142,2,0,2,1.0,0.0
32,1,2,4,49.542,2,0,2,1.0,0.0
32,1,3,2,19.70399999999998,2,0,2,1.0,0.0
32,1,4,2,11.429000000000002,2,0,2,1.0,0.0
32,1,5,2,66.84200000000004,2,0,2,1.0,0.0
32,1,6,3,25.12700000000001,2,0,2,1.0,0.0
32,1,7,2,26.120000000000005,2,0,2,1.0,0.0
32,1,8,2,7.741999999999962,2,0,2,1.0,0.0
32,1,9,10,39.94,0,0,0,-1.0,2.0
32,2,9,3,45.10499999999996,2,0,2,1.0,0.0
32,2,10,2,7.6059999999999945,2,0,2,1.0,0.0
32,2,11,6,25.15900000000005,1,1,2,0.5,0.5
32,2,12,1,2.6259999999999764,0,1,1,0.0,1.0
32,2,13,2,7.91700000000003,0,2,2,0.0,1.0
32,2,14,2,11.838999999999999,2,0,2,1.0,0.0
32,2,15,6,13.98599999999999,0,0,0,-1.0,2.0
32,3,15,2,23.13900000000001,2,0,2,1.0,0.0
32,3,16,2,16.45799999999997,2,0,2,1.0,0.0
32,3,17,2,15.408000000000015,2,0,2,1.0,0.0
32,3,18,2,6.192000000000007,2,0,2,1.0,0.0
32,3,19,2,6.372000000000071,2,0,2,1.0,0.0
32,3,20,6,2.897999999999911,0,0,0,-1.0,2.0
32,4,20,2,15.898000000000025,2,0,2,1.0,0.0
32,4,21,4,9.043999999999983,2,0,2,1.0,0.0
32,4,22,2,14.725999999999999,1,1,2,0.5,0.5
32,4,23,2,39.596000000000004,0,2,2,0.0,1.0
32,4,24,2,25.870000000000005,1,1,2,0.5,0.5
32,4,25,2,12.718999999999937,2,0,2,1.0,0.0
32,4,26,2,12.072999999999979,1,1,2,0.5,0.5
32,4,27,2,11.493000000000052,1,1,2,0.5,0.5
32,4,28,2,21.37600000000009,2,0,2,1.0,0.0
32,4,29,2,6.655999999999949,2,0,2,1.0,0.0
32,4,30,3,43.039999999999964,1,1,2,0.5,0.5
32,4,31,2,7.59800000000007,2,0,2,1.0,0.0
32,4,32,6,7.2309999999999945,0,0,0,-1.0,2.0
32,5,32,4,29.975000000000023,2,0,2,1.0,0.0
32,5,33,4,9.075999999999908,1,1,2,0.5,0.5
32,5,34,2,31.06000000000006,2,0,2,1.0,0.0
32,5,35,2,9.68999999999994,2,0,2,1.0,0.0
32,5,36,2,8.411000000000058,2,0,2,1.0,0.0
32,5,37,2,10.784999999999968,2,0,2,1.0,0.0
32,5,38,3,61.055000000000064,1,1,2,0.5,0.5
32,5,39,2,7.111999999999966,0,2,2,0.0,1.0
32,5,40,2,23.23599999999999,2,0,2,1.0,0.0
32,5,41,9,14.153999999999996,0,0,0,-1.0,2.0
32,6,41,25,29.442999999999984,1,1,2,0.5,0.5
32,6,42,1,1.41599999999994,0,1,1,0.0,1.0
32,6,43,7,23.047000000000025,1,0,1,1.0,0.0
32,7,43,5,80.97399999999993,0,2,2,0.0,1.0
32,7,44,2,12.275000000000091,2,0,2,1.0,0.0
32,7,45,6,7.642000000000053,0,0,0,-1.0,2.0
32,8,45,5,33.97399999999993,1,1,2,0.5,0.5
32,8,46,6,7.467000000000098,0,0,0,-1.0,2.0
32,9,46,5,30.95399999999995,1,1,2,0.5,0.5
32,9,47,2,13.510999999999967,1,1,2,0.5,0.5
32,9,48,6,15.555000000000064,0,0,0,-1.0,2.0
32,10,48,5,20.111999999999853,1,1,2,0.5,0.5
32,10,49,9,12.517000000000053,0,0,0,-1.0,2.0
33,1,1,4,46.465999999999994,2,0,2,1.0,0.0
33,1,2,8,101.06800000000001,2,0,2,1.0,0.0
33,1,3,2,6.891999999999996,2,0,2,1.0,0.0
33,1,4,5,26.375,2,0,2,1.0,0.0
33,1,5,2,8.592000000000013,2,0,2,1.0,0.0
33,1,6,3,31.674999999999983,2,0,2,1.0,0.0
33,1,7,2,20.385999999999996,2,0,2,1.0,0.0
33,1,8,3,11.649000000000001,2,0,2,1.0,0.0
33,1,9,2,27.894999999999982,2,0,2,1.0,0.0
33,1,10,2,14.285000000000025,2,0,2,1.0,0.0
33,1,11,9,15.129000000000019,0,0,0,-1.0,2.0
33,2,11,6,34.38499999999999,0,2,2,0.0,1.0
33,2,12,2,39.24000000000001,0,2,2,0.0,1.0
33,2,13,3,12.891999999999939,0,2,2,0.0,1.0
33,2,14,8,24.66900000000004,0,2,2,0.0,1.0
33,2,15,2,11.795000000000016,0,2,2,0.0,1.0
33,2,16,2,10.240999999999985,0,2,2,0.0,1.0
33,2,17,7,14.994000000000028,0,0,0,-1.0,2.0
33,3,17,6,21.063999999999965,2,0,2,1.0,0.0
33,3,18,2,16.50200000000001,2,0,2,1.0,0.0
33,3,19,2,17.579999999999984,2,0,2,1.0,0.0
33,3,20,2,35.90599999999995,2,0,2,1.0,0.0
33,3,21,2,4.108000000000061,2,0,2,1.0,0.0
33,3,22,6,10.599000000000046,0,0,0,-1.0,2.0
33,4,22,2,23.906999999999925,2,0,2,1.0,0.0
33,4,23,2,21.773000000000025,2,0,2,1.0,0.0
33,4,24,2,30.494000000000028,1,1,2,0.5,0.5
33,4,25,2,17.991999999999962,2,0,2,1.0,0.0
33,4,26,2,43.738000000000056,2,0,2,1.0,0.0
33,4,27,2,19.978000000000065,2,0,2,1.0,0.0
33,4,28,7,8.711999999999875,1,0,1,1.0,0.0
33,5,28,2,36.611999999999966,2,0,2,1.0,0.0
33,5,29,2,20.326999999999998,2,0,2,1.0,0.0
33,5,30,2,24.58400000000006,2,0,2,1.0,0.0
33,5,31,2,75.91099999999994,2,0,2,1.0,0.0
33,5,32,3,20.309000000000083,2,0,2,1.0,0.0
33,5,33,14,56.745000000000005,0,0,0,-1.0,2.0
33,6,33,6,55.97399999999993,1,1,2,0.5,0.5
33,6,34,2,19.240000000000123,1,1,2,0.5,0.5
33,6,35,2,65.3119999999999,1,1,2,0.5,0.5
33,6,36,7,28.201999999999998,0,1,1,0.0,1.0
33,7,36,2,17.007000000000062,2,0,2,1.0,0.0
33,7,37,1,1.6549999999999727,1,0,1,1.0,0.0
34,1,1,8,80.07,2,0,2,1.0,0.0
34,1,2,4,23.159999999999997,1,1,2,0.5,0.5
34,1,3,2,47.449,0,2,2,0.0,1.0
34,1,4,4,29.936000000000035,2,0,2,1.0,0.0
34,1,5,2,24.226999999999975,2,0,2,1.0,0.0
34,1,6,2,12.234999999999985,1,1,2,0.5,0.5
34,1,7,2,18.513000000000034,2,0,2,1.0,0.0
34,1,8,2,13.625,2,0,2,1.0,0.0
34,1,9,12,29.945999999999998,1,0,1,1.0,0.0
34,2,9,3,35.40799999999996,2,0,2,1.0,0.0
34,2,10,19,20.44100000000003,0,0,0,-1.0,2.0
34,3,10,2,32.82499999999999,2,0,2,1.0,0.0
34,3,11,4,70.50600000000003,2,0,2,1.0,0.0
34,3,12,2,25.315999999999974,2,0,2,1.0,0.0
34,3,13,3,35.20400000000001,1,1,2,0.5,0.5
34,3,14,2,29.17700000000002,1,1,2,0.5,0.5
34,3,15,2,13.144999999999982,1,1,2,0.5,0.5
34,3,16,2,10.70399999999995,2,0,2,1.0,0.0
34,3,17,2,11.933000000000106,1,1,2,0.5,0.5
34,3,18,9,15.352999999999952,1,0,1,1.0,0.0
34,4,18,3,51.011999999999944,1,1,2,0.5,0.5
34,4,19,2,32.70799999999997,2,0,2,1.0,0.0
34,4,20,2,17.413000000000125,2,0,2,1.0,0.0
34,4,21,2,85.90300000000002,2,0,2,1.0,0.0
34,4,22,2,8.913999999999874,1,1,2,0.5,0.5
34,4,23,2,9.898000000000025,1,1,2,0.5,0.5
34,4,24,2,5.290000000000077,1,1,2,0.5,0.5
34,4,25,2,43.059999999999945,1,1,2,0.5,0.5
34,4,26,2,5.451999999999998,1,1,2,0.5,0.5
34,4,27,2,22.831000000000017,1,1,2,0.5,0.5
34,4,28,2,21.34800000000007,2,0,2,1.0,0.0
34,4,29,2,22.569999999999936,1,1,2,0.5,0.5
34,4,30,2,6.183999999999969,2,0,2,1.0,0.0
34,4,31,6,8.70399999999995,0,0,0,-1.0,2.0
34,5,31,2,29.451000000000022,2,0,2,1.0,0.0
34,5,32,2,13.666000000000054,2,0,2,1.0,0.0
34,5,33,2,7.030999999999949,1,1,2,0.5,0.5
34,5,34,2,31.751999999999953,1,1,2,0.5,0.5
34,5,35,2,47.649000000000115,2,0,2,1.0,0.0
34,5,36,2,10.162000000000035,2,0,2,1.0,0.0
34,5,37,10,17.86999999999989,1,0,1,1.0,0.0
34,6,37,26,72.01600000000008,2,0,2,1.0,0.0
34,6,38,3,26.366999999999962,1,1,2,0.5,0.5
34,6,39,2,11.873000000000047,2,0,2,1.0,0.0
34,6,40,2,24.75500000000011,2,0,2,1.0,0.0
34,6,41,7,13.648999999999887,1,1,2,0.5,0.5
34,6,42,2,17.403999999999996,2,0,2,1.0,0.0
34,6,43,2,21.723999999999933,1,1,2,0.5,0.5
34,6,44,2,4.1030000000000655,1,1,2,0.5,0.5
34,6,45,7,23.253999999999905,1,0,1,1.0,0.0
35,1,1,11,138.84099999999998,2,0,2,1.0,0.0
35,1,2,3,11.668000000000006,1,1,2,0.5,0.5
35,1,3,10,61.09899999999999,2,0,2,1.0,0.0
35,1,4,8,20.64099999999999,1,1,2,0.5,0.5
35,1,5,5,10.155000000000001,2,0,2,1.0,0.0
35,1,6,2,10.699000000000012,2,0,2,1.0,0.0
35,1,7,12,71.87200000000004,1,1,2,0.5,0.5
35,1,8,8,10.329999999999984,2,0,2,1.0,0.0
35,1,9,9,31.38900000000001,0,0,0,-1.0,2.0
35,2,9,3,55.28899999999993,2,0,2,1.0,0.0
35,2,10,3,12.160000000000025,0,2,2,0.0,1.0
35,2,11,15,18.343999999999994,1,1,2,0.5,0.5
35,2,12,8,13.448000000000036,0,0,0,-1.0,2.0
35,3,12,2,53.315,2,0,2,1.0,0.0
35,3,13,22,21.033999999999992,2,0,2,1.0,0.0
35,3,14,27,74.18700000000001,2,0,2,1.0,0.0
35,3,15,2,12.250999999999976,2,0,2,1.0,0.0
35,3,16,2,25.764999999999986,2,0,2,1.0,0.0
35,3,17,6,5.545999999999935,0,0,0,-1.0,2.0
35,4,17,3,28.274000000000115,2,0,2,1.0,0.0
35,4,18,4,17.660999999999945,2,0,2,1.0,0.0
35,4,19,11,10.836999999999989,2,0,2,1.0,0.0
35,4,20,6,15.15300000000002,2,0,2,1.0,0.0
35,4,21,9,6.904999999999973,1,0,1,1.0,0.0
35,5,21,10,45.07600000000002,2,0,2,1.0,0.0
35,5,22,13,37.77800000000002,2,0,2,1.0,0.0
35,5,23,2,16.048999999999978,1,1,2,0.5,0.5
35,5,24,2,44.47899999999993,1,1,2,0.5,0.5
35,5,25,8,66.09100000000012,2,0,2,1.0,0.0
35,5,26,2,15.995000000000005,1,1,2,0.5,0.5
35,5,27,2,10.246999999999957,2,0,2,1.0,0.0
35,5,28,10,22.664999999999964,1,0,1,1.0,0.0
35,6,28,6,22.25,2,0,2,1.0,0.0
35,6,29,2,60.04400000000021,2,0,2,1.0,0.0
35,6,30,2,17.899999999999864,2,0,2,1.0,0.0
35,6,31,2,14.255999999999858,2,0,2,1.0,0.0
35,6,32,7,8.57400000000007,1,0,1,1.0,0.0
35,7,32,3,19.226000000000113,2,0,2,1.0,0.0
35,7,33,3,30.370999999999867,1,1,2,0.5,0.5
35,7,34,2,11.2800000000002,2,0,2,1.0,0.0
35,7,35,2,20.98999999999978,2,0,2,1.0,0.0
35,7,36,2,10.316000000000031,2,0,2,1.0,0.0
35,7,37,2,5.889000000000124,1,1,2,0.5,0.5
35,7,38,2,7.375999999999976,0,2,2,0.0,1.0
35,7,39,2,6.25,2,0,2,1.0,0.0
35,7,40,9,18.402000000000044,1,0,1,1.0,0.0
36,1,1,7,58.126000000000005,2,0,2,1.0,0.0
36,1,2,3,16.002000000000002,1,1,2,0.5,0.5
36,1,3,4,70.39699999999999,1,1,2,0.5,0.5
36,1,4,6,21.198000000000008,1,1,2,0.5,0.5
36,1,5,3,23.722999999999985,2,0,2,1.0,0.0
36,1,6,5,10.49799999999999,2,0,2,1.0,0.0
36,1,7,2,12.40300000000002,2,0,2,1.0,0.0
36,1,8,3,19.641999999999996,2,0,2,1.0,0.0
36,1,9,3,17.331000000000017,0,2,2,0.0,1.0
36,1,10,5,62.84099999999995,2,0,2,1.0,0.0
36,1,11,10,24.851000000000056,1,0,1,1.0,0.0
36,2,11,17,52.150999999999954,0,2,2,0.0,1.0
36,2,12,11,21.572000000000003,1,1,2,0.5,0.5
36,2,13,10,86.54100000000005,2,0,2,1.0,0.0
36,2,14,6,62.92099999999999,1,0,1,1.0,0.0
36,2,15,4,27.19100000000003,0,2,2,0.0,1.0
36,2,16,2,78.07499999999993,1,1,2,0.5,0.5
36,2,17,2,26.868999999999915,0,2,2,0.0,1.0
36,2,18,7,28.064000000000078,1,0,1,1.0,0.0
36,3,18,3,14.456000000000017,2,0,2,1.0,0.0
36,3,19,2,29.145999999999958,2,0,2,1.0,0.0
36,3,20,2,10.75100000000009,1,1,2,0.5,0.5
36,3,21,3,22.28200000000004,2,0,2,1.0,0.0
36,3,22,2,23.333999999999833,2,0,2,1.0,0.0
36,3,23,7,12.911000000000058,1,0,1,1.0,0.0
36,4,23,3,25.757000000000062,2,0,2,1.0,0.0
36,4,24,2,12.388999999999896,2,0,2,1.0,0.0
36,4,25,4,55.49900000000014,2,0,2,1.0,0.0
36,4,26,2,21.513999999999896,2,0,2,1.0,0.0
36,4,27,16,61.32299999999998,1,0,1,1.0,0.0
36,5,27,4,31.55300000000011,2,0,2,1.0,0.0
36,5,28,2,20.115999999999985,2,0,2,1.0,0.0
36,5,29,2,19.65599999999995,2,0,2,1.0,0.0
36,5,30,2,9.726000000000113,1,1,2,0.5,0.5
36,5,31,2,61.00599999999986,2,0,2,1.0,0.0
36,5,32,2,22.526000000000067,1,1,2,0.5,0.5
36,5,33,18,49.07300000000009,1,1,2,0.5,0.5
36,5,34,4,63.34199999999987,2,0,2,1.0,0.0
36,5,35,2,86.28800000000001,1,1,2,0.5,0.5
36,5,36,2,25.036000000000058,1,1,2,0.5,0.5
36,5,37,2,65.72799999999984,0,2,2,0.0,1.0
36,5,38,2,21.06899999999996,2,0,2,1.0,0.0
36,5,39,10,22.521000000000186,1,0,1,1.0,0.0
37,1,1,8,98.41200000000002,2,0,2,1.0,0.0
37,1,2,3,15.901999999999987,2,0,2,1.0,0.0
37,1,3,2,12.793000000000006,2,0,2,1.0,0.0
37,1,4,3,17.069999999999993,2,0,2,1.0,0.0
37,1,5,13,38.286,1,0,1,1.0,0.0
37,2,5,6,32.61299999999997,2,0,2,1.0,0.0
37,2,6,3,30.130000000000024,2,0,2,1.0,0.0
37,2,7,4,16.78800000000001,2,0,2,1.0,0.0
37,2,8,2,19.377999999999986,0,1,1,0.0,1.0
37,2,9,2,29.822000000000003,2,0,2,1.0,0.0
37,2,10,2,10.413000000000011,0,2,2,0.0,1.0
37,2,11,3,51.53199999999998,1,1,2,0.5,0.5
37,2,12,3,11.115999999999985,1,1,2,0.5,0.5
37,2,13,2,33.63500000000005,2,0,2,1.0,0.0
37,2,14,2,5.8589999999999804,1,1,2,0.5,0.5
37,2,15,2,16.81400000000002,2,0,2,1.0,0.0
37,2,16,2,12.930000000000007,0,2,2,0.0,1.0
37,2,17,3,19.97199999999998,2,0,2,1.0,0.0
37,2,18,4,16.390999999999963,0,2,2,0.0,1.0
37,2,19,4,48.565,2,0,2,1.0,0.0
37,2,20,2,13.774000000000001,0,2,2,0.0,1.0
37,2,21,9,31.578000000000088,0,1,1,0.0,1.0
37,3,21,2,19.631999999999948,2,0,2,1.0,0.0
37,3,22,3,23.841000000000008,1,1,2,0.5,0.5
37,3,23,2,33.79000000000008,1,1,2,0.5,0.5
37,3,24,2,17.87399999999991,2,0,2,1.0,0.0
37,3,25,2,22.411000000000058,2,0,2,1.0,0.0
37,3,26,2,6.463999999999942,1,1,2,0.5,0.5
37,3,27,2,11.210000000000036,1,1,2,0.5,0.5
37,3,28,2,1.850999999999999,2,0,2,1.0,0.0
37,3,29,2,14.923999999999978,1,1,2,0.5,0.5
37,3,30,2,4.053999999999974,1,1,2,0.5,0.5
37,3,31,2,33.65600000000006,1,1,2,0.5,0.5
37,3,32,2,2.30499999999995,1,1,2,0.5,0.5
37,3,33,2,25.399999999999977,2,0,2,1.0,0.0
37,3,34,6,7.402000000000044,0,0,0,-1.0,2.0
37,4,34,2,14.879000000000019,2,0,2,1.0,0.0
37,4,35,2,27.787000000000035,2,0,2,1.0,0.0
37,4,36,2,4.589999999999918,1,1,2,0.5,0.5
37,4,37,2,24.442000000000007,1,1,2,0.5,0.5
37,4,38,2,4.55600000000004,2,0,2,1.0,0.0
37,4,39,2,17.162000000000035,1,1,2,0.5,0.5
37,4,40,3,10.670999999999822,1,1,2,0.5,0.5
37,4,41,2,9.113000000000056,1,1,2,0.5,0.5
37,4,42,2,12.533000000000015,1,1,2,0.5,0.5
37,4,43,4,46.46399999999994,1,1,2,0.5,0.5
37,4,44,2,5.916000000000054,2,0,2,1.0,0.0
37,4,45,2,38.46799999999996,2,0,2,1.0,0.0
37,4,46,7,52.42500000000018,0,1,1,0.0,1.0
37,5,46,3,20.911999999999807,2,0,2,1.0,0.0
37,5,47,2,10.759000000000015,2,0,2,1.0,0.0
37,5,48,2,25.23700000000008,2,0,2,1.0,0.0
37,5,49,2,21.010999999999967,2,0,2,1.0,0.0
37,5,50,2,2.1980000000000928,1,1,2,0.5,0.5
37,5,51,2,18.824999999999818,1,1,2,0.5,0.5
37,5,52,2,11.310000000000173,2,0,2,1.0,0.0
37,5,53,2,15.010999999999967,0,2,2,0.0,1.0
37,5,54,2,17.67599999999993,2,0,2,1.0,0.0
37,5,55,10,64.779,0,1,1,0.0,1.0
38,1,1,6,58.583999999999996,2,0,2,1.0,0.0
38,1,2,2,19.068000000000005,2,0,2,1.0,0.0
38,1,3,2,11.081000000000003,2,0,2,1.0,0.0
38,1,4,3,12.86,2,0,2,1.0,0.0
38,1,5,2,8.296999999999983,2,0,2,1.0,0.0
38,1,6,3,20.529000000000025,2,0,2,1.0,0.0
38,1,7,12,28.349999999999994,0,0,0,-1.0,2.0
38,2,7,5,26.34299999999999,2,0,2,1.0,0.0
38,2,8,3,19.935000000000002,2,0,2,1.0,0.0
38,2,9,2,7.810000000000002,2,0,2,1.0,0.0
38,2,10,2,21.807999999999993,2,0,2,1.0,0.0
38,2,11,2,7.521000000000015,2,0,2,1.0,0.0
38,2,12,3,6.61699999999999,2,0,2,1.0,0.0
38,2,13,3,4.911000000000001,2,0,2,1.0,0.0
38,2,14,7,14.997000000000014,1,0,1,1.0,0.0
38,3,14,3,22.512,2,0,2,1.0,0.0
38,3,15,2,9.365999999999985,2,0,2,1.0,0.0
38,3,16,3,14.942999999999984,2,0,2,1.0,0.0
38,3,17,2,2.290999999999997,2,0,2,1.0,0.0
38,3,18,4,18.192000000000064,2,0,2,1.0,0.0
38,3,19,2,5.883999999999901,2,0,2,1.0,0.0
38,3,20,2,9.283000000000072,2,0,2,1.0,0.0
38,3,21,2,14.944999999999993,2,0,2,1.0,0.0
38,3,22,5,18.648000000000025,0,0,0,-1.0,2.0
38,4,22,7,19.976999999999975,2,0,2,1.0,0.0
38,4,23,1,4.826999999999941,1,0,1,1.0,0.0
38,4,24,2,17.72700000000009,2,0,2,1.0,0.0
38,4,25,2,10.247999999999934,2,0,2,1.0,0.0
38,4,26,2,2.302000000000021,2,0,2,1.0,0.0
38,4,27,2,16.75200000000001,1,1,2,0.5,0.5
38,4,28,2,4.367000000000019,2,0,2,1.0,0.0
38,4,29,3,9.235000000000014,2,0,2,1.0,0.0
38,4,30,2,1.7329999999999472,2,0,2,1.0,0.0
38,4,31,5,14.69599999999997,2,0,2,1.0,0.0
38,4,32,2,1.2580000000000382,2,0,2,1.0,0.0
38,4,33,5,16.726999999999975,2,0,2,1.0,0.0
38,4,34,6,4.062000000000069,0,0,0,-1.0,2.0
38,5,34,2,13.569999999999993,2,0,2,1.0,0.0
38,5,35,2,38.59100000000001,2,0,2,1.0,0.0
38,5,36,2,2.1639999999999873,2,0,2,1.0,0.0
38,5,37,4,24.035999999999945,2,0,2,1.0,0.0
38,5,38,6,12.160000000000082,2,0,2,1.0,0.0
38,5,39,2,18.309999999999945,2,0,2,1.0,0.0
38,5,40,2,6.9249999999999545,2,0,2,1.0,0.0
38,5,41,2,7.455000000000041,2,0,2,1.0,0.0
38,5,42,7,5.201000000000022,2,0,2,1.0,0.0
38,5,43,9,16.262000000000057,0,0,0,-1.0,2.0
38,6,43,7,35.78800000000001,2,0,2,1.0,0.0
38,6,44,7,14.180999999999926,2,0,2,1.0,0.0
38,6,45,2,18.09699999999998,2,0,2,1.0,0.0
38,6,46,2,15.125,1,1,2,0.5,0.5
38,6,47,2,20.059999999999945,2,0,2,1.0,0.0
38,6,48,2,8.92200000000014,2,0,2,1.0,0.0
38,6,49,2,12.375999999999863,2,0,2,1.0,0.0
38,6,50,6,23.937000000000012,1,0,1,1.0,0.0
38,7,50,7,32.7890000000001,2,0,2,1.0,0.0
38,7,51,3,16.934999999999945,2,0,2,1.0,0.0
38,7,52,2,14.163000000000011,2,0,2,1.0,0.0
38,7,53,3,29.272000000000048,2,0,2,1.0,0.0
38,7,54,2,27.581999999999994,2,0,2,1.0,0.0
38,7,55,4,50.90499999999997,2,0,2,1.0,0.0
38,7,56,8,22.40300000000002,1,0,1,1.0,0.0
38,8,56,2,22.164999999999964,2,0,2,1.0,0.0
38,8,57,2,10.975999999999885,2,0,2,1.0,0.0
38,8,58,2,17.281000000000176,2,0,2,1.0,0.0
38,8,59,2,6.752999999999929,2,0,2,1.0,0.0
38,8,60,2,18.91300000000001,1,1,2,0.5,0.5
38,8,61,2,10.239000000000033,2,0,2,1.0,0.0
38,8,62,6,4.399999999999864,0,0,0,-1.0,2.0
38,9,62,2,22.723999999999933,2,0,2,1.0,0.0
38,9,63,2,6.526000000000067,2,0,2,1.0,0.0
38,9,64,2,12.807000000000016,2,0,2,1.0,0.0
38,9,65,2,9.820000000000164,2,0,2,1.0,0.0
38,9,66,2,36.07199999999989,2,0,2,1.0,0.0
38,9,67,2,9.73700000000008,2,0,2,1.0,0.0
38,9,68,6,2.925999999999931,0,0,0,-1.0,2.0
38,10,68,2,25.604000000000042,2,0,2,1.0,0.0
38,10,69,2,25.749000000000024,2,0,2,1.0,0.0
38,10,70,2,38.414999999999964,2,0,2,1.0,0.0
38,10,71,2,13.718000000000075,2,0,2,1.0,0.0
38,10,72,10,26.701999999999998,1,0,1,1.0,0.0
38,11,72,2,21.784999999999854,2,0,2,1.0,0.0
38,11,73,2,7.117999999999938,2,0,2,1.0,0.0
38,11,74,2,17.17800000000011,2,0,2,1.0,0.0
38,11,75,2,8.25,2,0,2,1.0,0.0
38,11,76,7,9.616999999999962,1,0,1,1.0,0.0
39,1,1,11,171.12,2,0,2,1.0,0.0
39,1,2,2,50.756,2,0,2,1.0,0.0
39,1,3,2,9.905000000000001,2,0,2,1.0,0.0
39,1,4,2,21.348000000000013,2,0,2,1.0,0.0
39,1,5,3,17.997000000000014,2,0,2,1.0,0.0
39,1,6,10,41.24599999999998,0,0,0,-1.0,2.0
39,2,6,5,134.26100000000002,0,2,2,0.0,1.0
39,2,7,2,7.702999999999918,2,0,2,1.0,0.0
39,2,8,3,33.09200000000004,0,2,2,0.0,1.0
39,2,9,2,14.560000000000002,0,2,2,0.0,1.0
39,2,10,2,14.716000000000065,0,2,2,0.0,1.0
39,2,11,2,4.051999999999907,0,2,2,0.0,1.0
39,2,12,2,47.746000000000095,2,0,2,1.0,0.0
39,2,13,2,13.446999999999889,2,0,2,1.0,0.0
39,2,14,2,17.161000000000058,2,0,2,1.0,0.0
39,2,15,2,7.2409999999999854,2,0,2,1.0,0.0
39,2,16,2,25.37900000000002,2,0,2,1.0,0.0
39,2,17,2,7.733000000000061,2,0,2,1.0,0.0
39,2,18,2,24.798999999999978,2,0,2,1.0,0.0
39,2,19,7,14.705999999999904,0,1,1,0.0,1.0
39,3,19,3,23.68200000000013,2,0,2,1.0,0.0
39,3,20,2,20.9079999999999,2,0,2,1.0,0.0
39,3,21,2,5.534999999999968,2,0,2,1.0,0.0
39,3,22,2,27.101,2,0,2,1.0,0.0
39,3,23,2,8.111000000000104,2,0,2,1.0,0.0
39,3,24,6,7.330000000000041,0,0,0,-1.0,2.0
39,4,24,2,55.69099999999992,2,0,2,1.0,0.0
39,4,25,2,4.7409999999999854,2,0,2,1.0,0.0
39,4,26,2,41.22199999999998,2,0,2,1.0,0.0
39,4,27,2,6.66700000000003,2,0,2,1.0,0.0
39,4,28,7,20.097999999999956,1,0,1,1.0,0.0
39,5,28,2,31.58100000000013,2,0,2,1.0,0.0
39,5,29,2,6.987999999999829,2,0,2,1.0,0.0
39,5,30,2,10.93500000000006,2,0,2,1.0,0.0
39,5,31,2,4.120999999999981,2,0,2,1.0,0.0
39,5,32,2,7.655000000000086,0,0,0,-1.0,2.0
39,6,32,14,51.13499999999999,1,1,2,0.5,0.5
39,6,33,1,2.016999999999939,0,1,1,0.0,1.0
39,6,34,3,26.926999999999907,0,2,2,0.0,1.0
39,6,35,3,14.409000000000106,0,2,2,0.0,1.0
39,6,36,2,10.323000000000093,1,1,2,0.5,0.5
39,6,37,2,24.539999999999964,2,0,2,1.0,0.0
39,6,38,2,9.312999999999874,2,0,2,1.0,0.0
39,6,39,2,49.922000000000025,2,0,2,1.0,0.0
39,6,40,2,4.208000000000084,2,0,2,1.0,0.0
39,6,41,6,6.0219999999999345,0,0,0,-1.0,2.0
39,7,41,3,18.917000000000144,2,0,2,1.0,0.0
39,7,42,2,5.611999999999853,2,0,2,1.0,0.0
39,7,43,2,25.85200000000009,2,0,2,1.0,0.0
39,7,44,2,5.467999999999847,2,0,2,1.0,0.0
39,7,45,2,7.899000000000115,2,0,2,1.0,0.0
39,7,46,8,14.289999999999964,1,0,1,1.0,0.0
39,8,46,3,11.40300000000002,2,0,2,1.0,0.0
39,8,47,2,13.29600000000005,2,0,2,1.0,0.0
39,8,48,2,3.328999999999951,2,0,2,1.0,0.0
39,8,49,2,22.1099999999999,2,0,2,1.0,0.0
39,8,50,2,4.0,2,0,2,1.0,0.0
39,8,51,6,6.332000000000107,0,0,0,-1.0,2.0
40,1,1,9,138.456,2,0,2,1.0,0.0
40,1,2,6,20.551000000000016,2,0,2,1.0,0.0
40,1,3,2,17.691000000000003,2,0,2,1.0,0.0
40,1,4,2,25.547999999999973,2,0,2,1.0,0.0
40,1,5,11,43.988,1,0,1,1.0,0.0
40,2,5,5,77.882,2,0,2,1.0,0.0
40,2,6,4,30.863,1,1,2,0.5,0.5
40,2,7,3,51.24700000000007,2,0,2,1.0,0.0
40,2,8,3,112.48199999999997,2,0,2,1.0,0.0
40,2,9,2,20.961000000000013,2,0,2,1.0,0.0
40,2,10,2,17.08299999999997,2,0,2,1.0,0.0
40,2,11,2,10.210000000000036,1,1,2,0.5,0.5
40,2,12,8,28.565999999999917,0,0,0,-1.0,2.0
40,3,12,3,54.69800000000009,2,0,2,1.0,0.0
40,3,13,2,15.076999999999998,2,0,2,1.0,0.0
40,3,14,2,13.449999999999932,2,0,2,1.0,0.0
40,3,15,2,27.30600000000004,2,0,2,1.0,0.0
40,3,16,7,20.017999999999915,1,0,1,1.0,0.0
40,4,16,7,77.75,2,0,2,1.0,0.0
40,4,17,2,26.888000000000034,2,0,2,1.0,0.0
40,4,18,6,42.64499999999998,2,0,2,1.0,0.0
40,4,19,6,26.300000000000068,2,0,2,1.0,0.0
40,4,20,2,22.004999999999995,0,0,0,-1.0,2.0
40,5,20,33,55.15899999999999,1,0,1,1.0,0.0
40,6,20,9,65.00800000000004,2,0,2,1.0,0.0
40,6,21,12,46.044999999999845,2,0,2,1.0,0.0
40,6,22,26,80.58500000000004,2,0,2,1.0,0.0
40,6,23,4,30.458000000000084,2,0,2,1.0,0.0
40,6,24,7,9.531999999999925,1,0,1,1.0,0.0
40,7,24,8,30.948000000000093,2,0,2,1.0,0.0
40,7,25,6,24.135999999999967,1,1,2,0.5,0.5
40,7,26,3,22.28599999999983,2,0,2,1.0,0.0
40,7,27,8,22.54000000000019,2,0,2,1.0,0.0
40,7,28,4,32.52600000000007,2,0,2,1.0,0.0
40,7,29,8,14.885999999999967,2,0,2,1.0,0.0
40,7,30,7,23.510999999999967,1,0,1,1.0,0.0
41,1,1,12,122.139,2,0,2,1.0,0.0
41,1,2,5,65.27599999999998,2,0,2,1.0,0.0
41,1,3,3,12.243000000000023,2,0,2,1.0,0.0
41,1,4,3,27.188999999999993,1,1,2,0.5,0.5
41,1,5,2,14.072000000000003,2,0,2,1.0,0.0
41,1,6,2,30.505000000000024,2,0,2,1.0,0.0
41,1,7,3,16.83699999999999,1,1,2,0.5,0.5
41,1,8,4,64.332,1,1,2,0.5,0.5
41,1,9,2,7.971000000000004,1,1,2,0.5,0.5
41,1,10,2,40.361999999999966,1,1,2,0.5,0.5
41,1,11,3,9.373000000000047,2,0,2,1.0,0.0
41,1,12,2,11.418000000000006,1,1,2,0.5,0.5
41,1,13,2,8.310999999999979,0,2,2,0.0,1.0
41,1,14,2,22.349000000000046,1,1,2,0.5,0.5
41,1,15,2,37.97099999999995,0,2,2,0.0,1.0
41,1,16,2,41.916,1,1,2,0.5,0.5
41,1,17,2,20.177999999999997,1,1,2,0.5,0.5
41,1,18,12,106.48500000000001,1,0,1,1.0,0.0
41,2,18,5,47.754999999999995,1,1,2,0.5,0.5
41,2,19,5,52.00800000000004,0,1,1,0.0,1.0
41,2,20,3,56.39999999999998,2,0,2,1.0,0.0
41,2,21,2,2.8640000000000327,0,1,1,0.0,1.0
41,2,22,2,20.714999999999918,1,1,2,0.5,0.5
41,2,23,2,16.422000000000025,1,1,2,0.5,0.5
41,2,24,2,45.926000000000045,1,1,2,0.5,0.5
41,2,25,2,8.59699999999998,1,1,2,0.5,0.5
41,2,26,4,79.39800000000002,1,1,2,0.5,0.5
41,2,27,2,32.42399999999998,1,1,2,0.5,0.5
41,2,28,2,16.570999999999913,1,1,2,0.5,0.5
41,2,29,3,92.8280000000002,1,1,2,0.5,0.5
41,2,30,2,42.06699999999978,1,1,2,0.5,0.5
41,2,31,4,69.63000000000011,1,1,2,0.5,0.5
41,2,32,3,29.723999999999933,0,0,0,-1.0,2.0
41,3,32,5,1.7999999999999545,0,0,0,-1.0,2.0
42,1,1,10,94.687,2,0,2,1.0,0.0
42,1,2,12,74.17600000000002,1,1,2,0.5,0.5
42,1,3,2,15.621999999999986,1,1,2,0.5,0.5
42,1,4,3,47.39099999999999,1,1,2,0.5,0.5
42,1,5,2,23.88900000000004,2,0,2,1.0,0.0
42,1,6,2,19.225999999999942,2,0,2,1.0,0.0
42,1,7,2,41.78400000000005,2,0,2,1.0,0.0
42,1,8,3,94.37900000000002,1,1,2,0.5,0.5
42,1,9,10,72.46699999999998,1,0,1,1.0,0.0
42,2,9,6,67.08599999999996,2,0,2,1.0,0.0
42,2,10,5,46.127000000000066,2,0,2,1.0,0.0
42,2,11,2,88.94999999999993,2,0,2,1.0,0.0
42,2,12,2,34.035999999999945,2,0,2,1.0,0.0
42,2,13,2,37.42400000000009,1,1,2,0.5,0.5
42,2,14,2,41.894000000000005,1,1,2,0.5,0.5
42,2,15,2,49.37199999999996,2,0,2,1.0,0.0
42,2,16,8,31.56700000000012,0,0,0,-1.0,2.0
42,3,16,3,38.889999999999986,2,0,2,1.0,0.0
42,3,17,5,54.08699999999999,2,0,2,1.0,0.0
42,3,18,3,76.67599999999993,2,0,2,1.0,0.0
42,3,19,4,31.69100000000003,2,0,2,1.0,0.0
42,3,20,10,22.848999999999933,1,0,1,1.0,0.0
42,4,20,5,79.52600000000007,2,0,2,1.0,0.0
42,4,21,18,43.25499999999988,2,0,2,1.0,0.0
42,4,22,8,37.278999999999996,2,0,2,1.0,0.0
42,4,23,2,15.00200000000018,2,0,2,1.0,0.0
42,4,24,7,10.6099999999999,1,0,1,1.0,0.0
44,1,1,13,144.876,2,0,2,1.0,0.0
44,1,2,5,28.837999999999994,2,0,2,1.0,0.0
44,1,3,2,11.482000000000028,2,0,2,1.0,0.0
44,1,4,2,11.619999999999976,2,0,2,1.0,0.0
44,1,5,2,13.878000000000014,2,0,2,1.0,0.0
44,1,6,11,31.95300000000003,1,0,1,1.0,0.0
44,2,6,5,40.40099999999998,2,0,2,1.0,0.0
44,2,7,2,10.590999999999951,2,0,2,1.0,0.0
44,2,8,2,11.651000000000067,2,0,2,1.0,0.0
44,2,9,2,7.993999999999971,2,0,2,1.0,0.0
44,2,10,2,8.634000000000015,2,0,2,1.0,0.0
44,2,11,9,35.18799999999999,0,0,0,-1.0,2.0
44,3,11,2,14.053999999999974,2,0,2,1.0,0.0
44,3,12,2,9.555000000000007,2,0,2,1.0,0.0
44,3,13,2,8.708000000000027,2,0,2,1.0,0.0
44,3,14,2,10.074000000000012,2,0,2,1.0,0.0
44,3,15,2,15.47399999999999,2,0,2,1.0,0.0
44,3,16,2,11.85899999999998,2,0,2,1.0,0.0
44,3,17,2,9.112000000000023,2,0,2,1.0,0.0
44,3,18,6,13.019999999999982,0,0,0,-1.0,2.0
44,4,18,3,24.622000000000014,2,0,2,1.0,0.0
44,4,19,2,11.658000000000015,2,0,2,1.0,0.0
44,4,20,2,8.300999999999988,2,0,2,1.0,0.0
44,4,21,2,12.305000000000007,2,0,2,1.0,0.0
44,4,22,2,7.831999999999937,2,0,2,1.0,0.0
44,4,23,2,9.625,2,0,2,1.0,0.0
44,4,24,6,9.896000000000072,0,0,0,-1.0,2.0
44,5,24,5,14.57899999999995,2,0,2,1.0,0.0
44,5,25,2,8.513000000000034,2,0,2,1.0,0.0
44,5,26,3,6.7169999999999845,2,0,2,1.0,0.0
44,5,27,2,10.076999999999998,2,0,2,1.0,0.0
44,5,28,4,12.125999999999976,2,0,2,1.0,0.0
44,5,29,9,16.033999999999992,0,0,0,-1.0,2.0
44,6,29,16,29.44100000000003,2,0,2,1.0,0.0
44,6,30,2,12.793000000000006,2,0,2,1.0,0.0
44,6,31,2,13.875999999999976,2,0,2,1.0,0.0
44,6,32,3,25.547000000000025,2,0,2,1.0,0.0
44,6,33,2,24.132000000000062,2,0,2,1.0,0.0
44,6,34,6,5.717999999999961,0,0,0,-1.0,2.0
44,7,34,3,26.18399999999997,2,0,2,1.0,0.0
44,7,35,2,15.802000000000021,2,0,2,1.0,0.0
44,7,36,2,12.606999999999971,2,0,2,1.0,0.0
44,7,37,2,15.72700000000009,2,0,2,1.0,0.0
44,7,38,2,30.956999999999994,2,0,2,1.0,0.0
44,7,39,6,7.982999999999947,0,0,0,-1.0,2.0
44,8,39,3,23.26400000000001,2,0,2,1.0,0.0
44,8,40,2,15.967999999999961,2,0,2,1.0,0.0
44,8,41,2,10.483000000000061,2,0,2,1.0,0.0
44,8,42,2,22.631999999999948,2,0,2,1.0,0.0
44,8,43,8,14.440999999999917,1,0,1,1.0,0.0
44,9,43,3,28.825000000000045,2,0,2,1.0,0.0
44,9,44,2,18.215000000000032,2,0,2,1.0,0.0
44,9,45,2,16.576000000000022,1,1,2,0.5,0.5
44,9,46,2,25.221000000000004,2,0,2,1.0,0.0
44,9,47,2,13.114000000000033,2,0,2,1.0,0.0
44,9,48,7,17.937999999999988,1,0,1,1.0,0.0
44,10,48,3,19.620999999999867,2,0,2,1.0,0.0
44,10,49,2,23.641000000000076,2,0,2,1.0,0.0
44,10,50,2,22.506000000000085,1,1,2,0.5,0.5
44,10,51,2,12.990000000000009,2,0,2,1.0,0.0
44,10,52,2,15.375999999999976,2,0,2,1.0,0.0
44,10,53,10,25.649999999999864,1,0,1,1.0,0.0
44,11,53,4,15.65300000000002,2,0,2,1.0,0.0
44,11,54,2,22.062000000000126,2,0,2,1.0,0.0
44,11,55,2,12.92599999999993,2,0,2,1.0,0.0
44,11,56,2,21.965999999999894,1,1,2,0.5,0.5
44,11,57,2,10.452999999999975,2,0,2,1.0,0.0
44,11,58,4,6.955000000000155,2,0,2,1.0,0.0
44,11,59,6,23.802999999999884,0,0,0,-1.0,2.0
44,12,59,3,14.541000000000167,2,0,2,1.0,0.0
44,12,60,2,22.788999999999987,2,0,2,1.0,0.0
44,12,61,2,8.061999999999898,2,0,2,1.0,0.0
44,12,62,2,9.343000000000075,2,0,2,1.0,0.0
44,12,63,7,7.4500000000000455,1,0,1,1.0,0.0
44,13,63,3,21.80600000000004,2,0,2,1.0,0.0
44,13,64,2,12.31699999999978,2,0,2,1.0,0.0
44,13,65,2,7.650000000000091,2,0,2,1.0,0.0
44,13,66,2,9.669999999999845,2,0,2,1.0,0.0
44,13,67,7,6.428000000000338,1,0,1,1.0,0.0
44,14,67,7,21.621999999999616,2,0,2,1.0,0.0
44,14,68,2,21.30100000000016,2,0,2,1.0,0.0
44,14,69,2,7.308999999999969,2,0,2,1.0,0.0
44,14,70,2,21.422000000000025,2,0,2,1.0,0.0
44,14,71,7,6.992000000000189,1,0,1,1.0,0.0
44,15,71,3,15.067999999999984,2,0,2,1.0,0.0
44,15,72,2,6.959999999999809,2,0,2,1.0,0.0
44,15,73,2,7.432999999999993,2,0,2,1.0,0.0
44,15,74,2,5.419000000000096,2,0,2,1.0,0.0
44,15,75,2,11.15099999999984,2,0,2,1.0,0.0
44,15,76,13,15.278000000000247,0,0,0,-1.0,2.0
44,16,76,3,20.0329999999999,2,0,2,1.0,0.0
44,16,77,2,3.30800000000022,2,0,2,1.0,0.0
44,16,78,2,7.2729999999996835,2,0,2,1.0,0.0
44,16,79,2,7.460000000000036,2,0,2,1.0,0.0
44,16,80,7,7.505000000000109,1,0,1,1.0,0.0
44,17,80,3,11.468999999999824,2,0,2,1.0,0.0
44,17,81,2,4.644999999999982,2,0,2,1.0,0.0
44,17,82,2,4.389000000000124,2,0,2,1.0,0.0
44,17,83,2,5.572000000000116,2,0,2,1.0,0.0
44,17,84,3,4.447000000000116,2,0,2,1.0,0.0
44,17,85,6,2.1879999999998745,0,0,0,-1.0,2.0
45,1,1,16,149.75699999999998,1,1,2,0.5,0.5
45,1,2,4,40.01000000000002,1,1,2,0.5,0.5
45,1,3,2,26.23799999999997,2,0,2,1.0,0.0
45,1,4,2,20.894000000000034,1,1,2,0.5,0.5
45,1,5,2,54.53399999999996,2,0,2,1.0,0.0
45,1,6,2,27.158000000000015,1,1,2,0.5,0.5
45,1,7,2,50.226999999999975,1,1,2,0.5,0.5
45,1,8,2,13.509000000000015,1,1,2,0.5,0.5
45,1,9,2,21.813000000000045,2,0,2,1.0,0.0
45,1,10,2,22.973999999999933,2,0,2,1.0,0.0
45,1,11,2,35.26200000000006,1,1,2,0.5,0.5
45,1,12,2,21.651999999999987,1,1,2,0.5,0.5
45,1,13,2,49.25,1,1,2,0.5,0.5
45,1,14,2,25.53800000000001,2,0,2,1.0,0.0
45,1,15,3,34.754999999999995,1,1,2,0.5,0.5
45,1,16,2,26.78099999999995,2,0,2,1.0,0.0
45,1,17,2,29.63499999999999,0,2,2,0.0,1.0
45,1,18,15,97.23000000000002,0,0,0,-1.0,2.0
45,2,18,8,34.672000000000025,2,0,2,1.0,0.0
45,2,19,4,75.08799999999997,2,0,2,1.0,0.0
45,2,20,2,18.69399999999996,2,0,2,1.0,0.0
45,2,21,2,23.15400000000011,1,1,2,0.5,0.5
45,2,22,2,12.07899999999995,1,1,2,0.5,0.5
45,2,23,2,25.646000000000072,1,1,2,0.5,0.5
45,2,24,2,15.602999999999952,2,0,2,1.0,0.0
45,2,25,2,29.027000000000044,1,1,2,0.5,0.5
45,2,26,2,8.686999999999898,0,2,2,0.0,1.0
45,2,27,2,46.13600000000008,2,0,2,1.0,0.0
45,2,28,2,8.336000000000013,1,1,2,0.5,0.5
45,2,29,2,11.999000000000024,1,1,2,0.5,0.5
45,2,30,2,22.94699999999989,2,0,2,1.0,0.0
45,2,31,2,112.35699999999997,1,1,2,0.5,0.5
45,2,32,2,31.131000000000085,2,0,2,1.0,0.0
45,2,33,2,47.692999999999984,0,2,2,0.0,1.0
45,2,34,2,12.177999999999884,1,1,2,0.5,0.5
45,2,35,2,59.174000000000206,1,1,2,0.5,0.5
45,2,36,2,8.696999999999889,1,1,2,0.5,0.5
45,2,37,10,28.639999999999873,1,1,2,0.5,0.5
45,2,38,7,117.12300000000027,0,1,1,0.0,1.0
46,1,1,10,150.501,2,0,2,1.0,0.0
46,1,2,4,15.927999999999997,2,0,2,1.0,0.0
46,1,3,2,76.49699999999999,2,0,2,1.0,0.0
46,1,4,3,87.22900000000001,2,0,2,1.0,0.0
46,1,5,3,28.55200000000002,1,1,2,0.5,0.5
46,1,6,4,72.27899999999994,2,0,2,1.0,0.0
46,1,7,2,100.59499999999997,1,1,2,0.5,0.5
46,1,8,2,29.822000000000116,1,1,2,0.5,0.5
46,1,9,2,15.624000000000024,1,1,2,0.5,0.5
46,1,10,2,52.330999999999904,1,1,2,0.5,0.5
46,1,11,2,35.644000000000005,1,1,2,0.5,0.5
46,1,12,9,85.11199999999997,0,0,0,-1.0,2.0
46,2,12,8,79.35500000000002,2,0,2,1.0,0.0
46,2,13,3,39.71899999999994,2,0,2,1.0,0.0
46,2,14,2,15.262000000000171,1,1,2,0.5,0.5
46,2,15,2,38.020999999999844,1,1,2,0.5,0.5
46,2,16,2,41.527000000000044,2,0,2,1.0,0.0
46,2,17,2,23.990999999999985,1,1,2,0.5,0.5
46,2,18,2,70.22699999999998,2,0,2,1.0,0.0
46,2,19,2,64.52900000000022,1,1,2,0.5,0.5
46,2,20,2,87.20399999999995,1,1,2,0.5,0.5
46,2,21,2,17.623999999999796,1,1,2,0.5,0.5
46,2,22,4,58.97600000000011,1,1,2,0.5,0.5
46,2,23,4,50.08999999999992,1,1,2,0.5,0.5
46,2,24,2,37.45100000000002,2,0,2,1.0,0.0
46,2,25,6,63.34500000000003,0,0,0,-1.0,2.0
46,3,25,27,23.58600000000024,2,0,2,1.0,0.0
46,3,26,5,40.77399999999989,1,1,2,0.5,0.5
46,3,27,8,9.99799999999982,1,1,2,0.5,0.5
46,3,28,3,13.18100000000004,2,0,2,1.0,0.0
46,3,29,4,8.292999999999893,2,0,2,1.0,0.0
46,3,30,3,9.047000000000025,1,0,1,1.0,0.0
47,1,1,19,143.631,2,0,2,1.0,0.0
47,1,2,2,13.254999999999995,2,0,2,1.0,0.0
47,1,3,2,7.145999999999987,2,0,2,1.0,0.0
47,1,4,2,8.329999999999984,2,0,2,1.0,0.0
47,1,5,12,31.52800000000005,1,0,1,1.0,0.0
47,2,5,3,30.157999999999987,2,0,2,1.0,0.0
47,2,6,2,11.525999999999982,2,0,2,1.0,0.0
47,2,7,2,10.617000000000019,2,0,2,1.0,0.0
47,2,8,2,9.685000000000002,2,0,2,1.0,0.0
47,2,9,2,8.699999999999989,2,0,2,1.0,0.0
47,2,10,4,14.348000000000013,2,0,2,1.0,0.0
47,2,11,6,22.897999999999968,0,0,0,-1.0,2.0
47,3,11,2,30.577000000000055,2,0,2,1.0,0.0
47,3,12,2,6.824999999999989,2,0,2,1.0,0.0
47,3,13,2,7.421999999999969,2,0,2,1.0,0.0
47,3,14,2,6.628000000000043,2,0,2,1.0,0.0
47,3,15,7,13.536000000000001,1,0,1,1.0,0.0
47,4,15,2,18.257999999999925,2,0,2,1.0,0.0
47,4,16,2,21.18700000000007,2,0,2,1.0,0.0
47,4,17,2,4.714999999999975,2,0,2,1.0,0.0
47,4,18,1,15.190999999999974,1,0,1,1.0,0.0
47,4,19,2,6.176999999999964,2,0,2,1.0,0.0
47,4,20,9,16.319000000000017,0,0,0,-1.0,2.0
47,5,20,2,28.529000000000053,2,0,2,1.0,0.0
47,5,21,2,23.485000000000014,2,0,2,1.0,0.0
47,5,22,2,4.4389999999999645,2,0,2,1.0,0.0
47,5,23,1,8.25,1,0,1,1.0,0.0
47,5,24,2,2.61099999999999,2,0,2,1.0,0.0
47,5,25,9,15.438000000000102,0,0,0,-1.0,2.0
47,6,25,14,39.65899999999988,2,0,2,1.0,0.0
47,6,26,3,15.367000000000075,0,2,2,0.0,1.0
47,6,27,2,5.682999999999879,2,0,2,1.0,0.0
47,6,28,2,17.785000000000082,2,0,2,1.0,0.0
47,6,29,2,7.149000000000001,2,0,2,1.0,0.0
47,6,30,2,13.841000000000008,2,0,2,1.0,0.0
47,6,31,8,11.784999999999968,1,0,1,1.0,0.0
47,7,31,2,23.151000000000067,2,0,2,1.0,0.0
47,7,32,2,25.295999999999935,1,1,2,0.5,0.5
47,7,33,2,13.312999999999988,2,0,2,1.0,0.0
47,7,34,2,24.801000000000045,2,0,2,1.0,0.0
47,7,35,2,6.826999999999998,2,0,2,1.0,0.0
47,7,36,9,17.033999999999878,1,0,1,1.0,0.0
47,8,36,2,24.73300000000006,2,0,2,1.0,0.0
47,8,37,2,11.46300000000008,2,0,2,1.0,0.0
47,8,38,2,23.793000000000006,2,0,2,1.0,0.0
47,8,39,2,1.9359999999999218,2,0,2,1.0,0.0
47,8,40,2,7.999000000000024,2,0,2,1.0,0.0
47,8,41,2,6.688000000000102,1,1,2,0.5,0.5
47,8,42,7,14.088999999999942,0,1,1,0.0,1.0
47,9,42,3,22.813999999999965,2,0,2,1.0,0.0
47,9,43,2,15.140999999999963,0,2,2,0.0,1.0
47,9,44,2,15.733000000000061,2,0,2,1.0,0.0
47,9,45,2,28.01699999999994,2,0,2,1.0,0.0
47,9,46,2,12.493000000000052,1,1,2,0.5,0.5
47,9,47,2,13.670999999999935,2,0,2,1.0,0.0
47,9,48,2,8.843000000000075,2,0,2,1.0,0.0
47,9,49,2,11.294000000000096,1,1,2,0.5,0.5
47,9,50,2,10.742999999999824,2,0,2,1.0,0.0
47,9,51,6,6.9950000000000045,0,0,0,-1.0,2.0
47,10,51,2,15.458000000000084,2,0,2,1.0,0.0
47,10,52,2,8.880999999999972,2,0,2,1.0,0.0
47,10,53,2,3.816000000000031,2,0,2,1.0,0.0
47,10,54,2,7.2690000000000055,2,0,2,1.0,0.0
47,10,55,10,16.510999999999967,1,0,1,1.0,0.0
47,11,55,2,28.43100000000004,2,0,2,1.0,0.0
47,11,56,2,12.204999999999927,1,1,2,0.5,0.5
47,11,57,2,8.116999999999962,0,2,2,0.0,1.0
47,11,58,2,16.39800000000014,1,1,2,0.5,0.5
47,11,59,2,10.875,2,0,2,1.0,0.0
47,11,60,2,9.424999999999955,2,0,2,1.0,0.0
47,11,61,2,5.065000000000055,2,0,2,1.0,0.0
47,11,62,1,6.911000000000058,1,0,1,1.0,0.0
47,11,63,2,2.2919999999999163,2,0,2,1.0,0.0
47,11,64,6,10.032999999999902,0,0,0,-1.0,2.0
