corpus_no,group_no,attempt_no,cost,abs_error,error,num_turn,num_action,duration,start,end,num_add,num_del,num_edit,freq_add,freq_del,num_histload,freq_histload,success
1,6,1,24.0,2.0,0.09090909090909091,21,72,1013.047,0.122,1013.169,25,16,41,0.6097560975609756,0.3902439024390244,0,-1.0,False
1,6,2,22.0,0.0,0.0,8,28,337.4139999999999,1025.0610000000001,1350.5829999999999,12,3,15,0.8,0.19999999999999996,0,0.0,True
1,7,1,64.0,42.0,1.9090909090909092,14,50,264.24,0.315,264.555,23,3,26,0.8846153846153846,0.11538461538461542,0,-1.0,False
1,7,2,64.0,42.0,1.9090909090909092,4,23,75.149,277.949,339.704,5,2,7,0.7142857142857143,0.2857142857142857,5,1.6666666666666667,False
1,7,3,29.0,7.0,0.3181818181818182,6,16,45.036,355.73,384.74,10,0,10,1.0,0.0,0,-1.0,False
1,7,4,30.0,8.0,0.36363636363636365,8,21,103.87599999999998,397.215,488.616,12,2,14,0.8571428571428571,0.1428571428571429,0,-1.0,False
1,7,5,31.0,9.0,0.4090909090909091,7,23,90.40700000000004,501.269,579.023,11,1,12,0.9166666666666666,0.08333333333333337,0,-1.0,False
1,7,6,31.0,9.0,0.4090909090909091,10,24,94.255,586.504,673.278,14,4,18,0.7777777777777778,0.2222222222222222,0,-1.0,False
1,7,7,31.0,9.0,0.4090909090909091,6,18,58.610000000000014,697.498,731.888,10,0,10,1.0,0.0,0,-1.0,False
1,7,8,30.0,8.0,0.36363636363636365,8,30,66.548,742.335,798.436,12,3,15,0.8,0.19999999999999996,0,-1.0,False
1,7,9,28.0,6.0,0.2727272727272727,5,15,41.75999999999999,811.747,840.196,9,0,9,1.0,0.0,0,-1.0,False
1,7,10,32.0,10.0,0.45454545454545453,5,18,77.70500000000004,866.564,917.9010000000001,9,0,9,1.0,0.0,0,-1.0,False
1,7,11,31.0,9.0,0.4090909090909091,5,15,90.68499999999995,942.6469999999999,1008.586,9,0,9,1.0,0.0,0,-1.0,False
1,7,12,27.0,5.0,0.22727272727272727,5,15,63.0,1022.265,1071.586,9,0,9,1.0,0.0,0,-1.0,False
1,7,13,33.0,11.0,0.5,6,62,143.77199999999993,1104.063,1215.358,11,0,11,1.0,0.0,0,0.0,False
1,7,14,29.0,7.0,0.3181818181818182,6,19,66.5909999999999,1224.847,1281.9489999999998,10,1,11,0.9090909090909091,0.09090909090909094,0,0.0,False
1,7,15,27.0,5.0,0.22727272727272727,5,18,66.07400000000007,1295.565,1348.023,9,0,9,1.0,0.0,0,-1.0,False
1,7,16,25.0,3.0,0.13636363636363635,5,15,77.1070000000002,1378.396,1425.13,9,0,9,1.0,0.0,0,-1.0,False
1,7,17,29.0,7.0,0.3181818181818182,5,20,72.63200000000006,1441.3129999999999,1497.7620000000002,9,0,9,1.0,0.0,0,-1.0,False
1,7,18,25.0,3.0,0.13636363636363635,5,17,66.66399999999999,1501.487,1564.4260000000002,9,0,9,1.0,0.0,0,0.0,False
1,7,19,,,,1,1,17.016999999999825,1581.443,1581.443,0,0,0,-1.0,2.0,0,0.0,False
1,8,1,28.0,6.0,0.2727272727272727,17,65,766.31,0.386,766.696,21,11,32,0.65625,0.34375,0,-1.0,False
1,8,2,29.0,7.0,0.3181818181818182,5,19,149.52700000000004,778.8439999999999,916.2230000000001,9,0,9,1.0,0.0,0,0.0,False
1,8,3,25.0,3.0,0.13636363636363635,5,17,133.72199999999987,994.176,1049.945,9,0,9,1.0,0.0,0,0.0,False
1,8,4,31.0,9.0,0.4090909090909091,5,15,57.33699999999999,1070.637,1107.282,9,0,9,1.0,0.0,0,-1.0,False
1,8,5,25.0,3.0,0.13636363636363635,5,18,86.97800000000007,1144.675,1194.26,9,0,9,1.0,0.0,0,-1.0,False
1,8,6,28.0,6.0,0.2727272727272727,5,41,121.529,1205.108,1315.789,9,0,9,1.0,0.0,0,0.0,False
1,8,7,33.0,11.0,0.5,6,19,103.56099999999992,1323.408,1419.35,10,0,10,1.0,0.0,0,0.0,False
1,8,8,29.0,7.0,0.3181818181818182,6,52,99.55000000000018,1434.905,1518.9,10,0,10,1.0,0.0,0,0.0,False
1,8,9,31.0,9.0,0.4090909090909091,6,17,40.819999999999936,1532.191,1559.72,10,0,10,1.0,0.0,0,-1.0,False
1,9,1,30.0,8.0,0.36363636363636365,11,44,758.514,0.226,758.74,15,5,20,0.75,0.25,0,-1.0,False
1,9,2,29.0,7.0,0.3181818181818182,3,24,244.3989999999999,771.056,1003.1389999999999,2,2,4,0.5,0.5,8,4.0,False
1,9,3,30.0,8.0,0.36363636363636365,7,25,307.5310000000002,1018.155,1310.67,11,1,12,0.9166666666666666,0.08333333333333337,0,0.0,False
1,9,4,29.0,7.0,0.3181818181818182,6,33,213.6529999999998,1318.836,1524.3229999999999,11,0,11,1.0,0.0,0,0.0,False
1,9,5,28.0,6.0,0.2727272727272727,4,18,130.78200000000015,1547.119,1655.105,2,3,5,0.4,0.6,1,0.5,False
1,9,6,27.0,5.0,0.22727272727272727,2,18,105.42599999999993,1666.585,1760.531,1,1,2,0.5,0.5,1,0.25,False
1,9,7,23.0,1.0,0.045454545454545456,1,10,51.94900000000007,1777.1,1812.48,0,1,1,0.0,1.0,1,1.0,False
1,9,8,26.0,4.0,0.18181818181818182,2,11,42.57100000000014,1824.3770000000002,1855.0510000000002,1,1,2,0.5,0.5,1,1.0,False
1,9,9,25.0,3.0,0.13636363636363635,3,17,86.52099999999996,1862.234,1941.5720000000001,2,2,4,0.5,0.5,1,0.5,False
1,9,10,26.0,4.0,0.18181818181818182,2,14,58.91599999999971,1949.717,2000.4879999999998,1,1,2,0.5,0.5,1,1.0,False
1,9,11,24.0,2.0,0.09090909090909091,2,40,108.08100000000013,2019.695,2108.569,1,1,2,0.5,0.5,5,0.7142857142857143,False
1,9,12,29.0,7.0,0.3181818181818182,2,12,44.45600000000013,2119.45,2153.025,2,1,3,0.6666666666666666,0.33333333333333337,1,1.0,False
1,10,1,37.0,15.0,0.6818181818181818,7,48,437.102,0.204,437.306,12,0,12,1.0,0.0,0,-1.0,False
1,10,2,37.0,15.0,0.6818181818181818,1,27,53.62800000000004,453.94199999999995,490.934,0,0,0,-1.0,2.0,8,2.0,False
1,10,3,27.0,5.0,0.22727272727272727,5,17,111.161,508.288,602.095,9,0,9,1.0,0.0,0,-1.0,False
1,10,4,34.0,12.0,0.5454545454545454,6,16,82.6869999999999,619.2180000000001,684.7819999999999,10,0,10,1.0,0.0,0,-1.0,False
1,10,5,26.0,4.0,0.18181818181818182,5,18,127.19000000000005,708.076,811.972,9,0,9,1.0,0.0,0,-1.0,False
1,10,6,25.0,3.0,0.13636363636363635,5,15,72.72400000000005,829.2,884.696,9,0,9,1.0,0.0,0,-1.0,False
1,10,7,25.0,3.0,0.13636363636363635,5,15,57.69500000000005,901.666,942.3910000000001,9,0,9,1.0,0.0,0,-1.0,False
1,10,8,26.0,4.0,0.18181818181818182,5,15,83.94299999999976,952.875,1026.3339999999998,9,0,9,1.0,0.0,0,-1.0,False
1,10,9,26.0,4.0,0.18181818181818182,5,15,57.353000000000065,1043.5639999999999,1083.687,9,0,9,1.0,0.0,0,-1.0,False
1,10,10,26.0,4.0,0.18181818181818182,5,18,62.20100000000002,1093.9360000000001,1145.888,9,0,9,1.0,0.0,0,-1.0,False
1,10,11,27.0,5.0,0.22727272727272727,5,15,75.64900000000011,1165.333,1221.537,9,0,9,1.0,0.0,0,-1.0,False
1,10,12,32.0,10.0,0.45454545454545453,8,81,154.20399999999995,1257.633,1375.741,12,2,14,0.8571428571428571,0.1428571428571429,0,0.0,False
1,11,1,64.0,42.0,1.9090909090909092,11,40,254.681,0.371,255.05200000000002,20,0,20,1.0,0.0,0,-1.0,False
1,11,2,50.0,28.0,1.2727272727272727,9,40,151.92999999999995,267.131,406.98199999999997,5,10,15,0.3333333333333333,0.6666666666666667,5,0.7142857142857143,False
1,11,3,36.0,14.0,0.6363636363636364,7,18,82.66900000000004,420.092,489.651,12,0,12,1.0,0.0,0,-1.0,False
1,11,4,35.0,13.0,0.5909090909090909,7,21,97.368,503.42699999999996,587.019,12,0,12,1.0,0.0,1,-1.0,False
1,11,5,32.0,10.0,0.45454545454545453,7,21,68.79200000000003,598.347,655.811,11,1,12,0.9166666666666666,0.08333333333333337,0,-1.0,False
1,11,6,35.0,13.0,0.5909090909090909,7,35,114.582,665.48,770.393,12,1,13,0.9230769230769231,0.07692307692307687,0,0.0,False
1,11,7,29.0,7.0,0.3181818181818182,5,20,66.255,792.183,836.648,9,0,9,1.0,0.0,0,0.0,False
1,11,8,24.0,2.0,0.09090909090909091,5,22,65.96699999999998,850.3489999999999,902.615,9,0,9,1.0,0.0,0,0.0,False
1,11,9,31.0,9.0,0.4090909090909091,6,19,71.04600000000005,917.8580000000001,973.6610000000001,10,0,10,1.0,0.0,0,0.0,False
1,11,10,23.0,1.0,0.045454545454545456,5,55,316.4749999999999,982.925,1290.136,9,0,9,1.0,0.0,0,0.0,False
1,11,11,25.0,3.0,0.13636363636363635,6,39,273.08100000000013,1302.538,1563.217,10,1,11,0.9090909090909091,0.09090909090909094,0,0.0,False
1,11,12,,,,2,13,22.788999999999987,1576.5929999999998,1586.006,2,0,2,1.0,0.0,0,0.0,False
1,12,1,33.0,11.0,0.5,6,27,173.624,0.064,173.688,10,0,10,1.0,0.0,0,-1.0,False
1,12,2,37.0,15.0,0.6818181818181818,7,29,219.971,183.729,393.659,13,0,13,1.0,0.0,0,0.0,False
1,12,3,32.0,10.0,0.45454545454545453,9,42,327.28700000000003,394.694,720.946,14,3,17,0.8235294117647058,0.17647058823529416,0,0.0,False
1,12,4,25.0,3.0,0.13636363636363635,8,24,141.10799999999995,746.905,862.054,12,3,15,0.8,0.19999999999999996,0,0.0,False
1,12,5,23.0,1.0,0.045454545454545456,10,84,351.49900000000014,873.431,1213.553,14,5,19,0.7368421052631579,0.26315789473684215,0,0.0,False
1,12,6,25.0,3.0,0.13636363636363635,10,57,278.8149999999998,1221.395,1492.368,14,5,19,0.7368421052631579,0.26315789473684215,0,0.0,False
1,12,7,29.0,7.0,0.3181818181818182,6,54,210.79099999999994,1503.0910000000001,1703.1589999999999,10,0,10,1.0,0.0,0,0.0,False
1,12,8,26.0,4.0,0.18181818181818182,6,69,173.20900000000006,1710.6370000000002,1876.368,10,1,11,0.9090909090909091,0.09090909090909094,0,0.0,False
1,14,1,42.0,20.0,0.9090909090909091,7,29,184.16100000000003,0.188,184.34900000000002,13,0,13,1.0,0.0,0,-1.0,False
1,14,2,29.0,7.0,0.3181818181818182,10,33,286.818,215.322,471.167,10,7,17,0.5882352941176471,0.4117647058823529,2,0.6666666666666666,False
1,14,3,27.0,5.0,0.22727272727272727,12,60,837.337,481.26199999999994,1308.504,13,9,22,0.5909090909090909,0.40909090909090906,1,0.08333333333333333,False
1,14,4,25.0,3.0,0.13636363636363635,7,21,309.56500000000005,1317.504,1618.069,11,2,13,0.8461538461538461,0.15384615384615385,0,0.0,False
1,14,5,,,,5,23,155.14300000000026,1633.588,1773.2120000000002,5,3,8,0.625,0.375,5,1.25,False
1,15,1,29.0,7.0,0.3181818181818182,14,109,323.11199999999997,0.389,323.501,18,8,26,0.6923076923076923,0.3076923076923077,0,-1.0,False
1,15,2,29.0,7.0,0.3181818181818182,1,16,81.42900000000003,338.84,404.93,0,0,0,-1.0,2.0,2,0.6666666666666666,False
1,15,3,33.0,11.0,0.5,6,19,95.07400000000001,415.20599999999996,500.004,10,0,10,1.0,0.0,0,0.0,False
1,15,4,38.0,16.0,0.7272727272727273,12,38,214.2270000000001,512.174,714.2310000000001,17,6,23,0.7391304347826086,0.26086956521739135,0,0.0,False
1,15,5,32.0,10.0,0.45454545454545453,6,21,118.26499999999999,732.819,832.4960000000001,10,0,10,1.0,0.0,0,0.0,False
1,15,6,27.0,5.0,0.22727272727272727,7,22,226.90499999999997,844.2919999999999,1059.401,11,2,13,0.8461538461538461,0.15384615384615385,0,0.0,False
1,15,7,31.0,9.0,0.4090909090909091,22,76,489.45600000000013,1074.288,1548.8570000000002,27,16,43,0.627906976744186,0.37209302325581395,0,0.0,False
1,15,8,,,,8,21,172.20599999999968,1559.499,1721.0629999999999,11,5,16,0.6875,0.3125,0,0.0,False
1,16,1,29.0,7.0,0.3181818181818182,7,33,335.946,0.358,336.30400000000003,11,2,13,0.8461538461538461,0.15384615384615385,0,-1.0,False
1,16,2,24.0,2.0,0.09090909090909091,10,31,220.8329999999999,353.527,557.137,14,5,19,0.7368421052631579,0.26315789473684215,0,0.0,False
1,16,3,24.0,2.0,0.09090909090909091,14,35,272.98300000000006,571.423,830.12,18,9,27,0.6666666666666666,0.33333333333333337,0,0.0,False
1,16,4,22.0,0.0,0.0,24,72,441.015,843.1560000000001,1271.135,28,19,47,0.5957446808510638,0.4042553191489362,0,0.0,True
1,17,1,31.0,9.0,0.4090909090909091,6,26,223.957,0.311,224.268,10,0,10,1.0,0.0,0,-1.0,False
1,17,2,29.0,7.0,0.3181818181818182,7,20,120.92699999999999,238.19799999999998,345.195,11,1,12,0.9166666666666666,0.08333333333333337,0,0.0,False
1,17,3,27.0,5.0,0.22727272727272727,10,29,252.3,357.644,597.495,14,4,18,0.7777777777777778,0.2222222222222222,0,0.0,False
1,17,4,23.0,1.0,0.045454545454545456,10,25,204.77800000000002,625.14,802.273,14,5,19,0.7368421052631579,0.26315789473684215,0,-1.0,False
1,17,5,22.0,0.0,0.0,9,26,274.448,830.132,1076.721,13,4,17,0.7647058823529411,0.23529411764705888,0,0.0,True
1,18,1,32.0,10.0,0.45454545454545453,7,42,458.29200000000003,0.317,458.60900000000004,11,1,12,0.9166666666666666,0.08333333333333337,0,-1.0,False
1,18,2,32.0,10.0,0.45454545454545453,1,26,142.25599999999997,461.164,600.865,1,0,1,1.0,0.0,5,0.8333333333333334,False
1,18,3,26.0,4.0,0.18181818181818182,9,30,637.758,608.099,1238.623,13,4,17,0.7647058823529411,0.23529411764705888,0,0.0,False
1,18,4,27.0,5.0,0.22727272727272727,7,20,217.87699999999995,1276.336,1456.5,11,1,12,0.9166666666666666,0.08333333333333337,0,0.0,False
1,18,5,31.0,9.0,0.4090909090909091,8,29,379.32299999999987,1469.922,1835.8229999999999,12,2,14,0.8571428571428571,0.1428571428571429,0,0.0,False
1,19,1,31.0,9.0,0.4090909090909091,8,40,404.14,0.34600000000000003,404.486,13,2,15,0.8666666666666667,0.1333333333333333,0,-1.0,False
1,19,2,28.0,6.0,0.2727272727272727,7,35,350.644,418.048,755.13,6,7,13,0.46153846153846156,0.5384615384615384,4,0.6666666666666666,False
1,19,3,27.0,5.0,0.22727272727272727,8,24,204.13300000000004,763.455,959.263,12,3,15,0.8,0.19999999999999996,0,0.0,False
1,19,4,25.0,3.0,0.13636363636363635,7,24,232.15099999999995,976.296,1191.414,11,2,13,0.8461538461538461,0.15384615384615385,0,0.0,False
1,19,5,23.0,1.0,0.045454545454545456,3,99,200.0530000000001,1236.465,1391.467,2,2,4,0.5,0.5,37,2.0555555555555554,False
1,19,6,22.0,0.0,0.0,6,30,241.82299999999987,1404.638,1633.29,5,5,10,0.5,0.5,1,0.1111111111111111,True
1,20,1,64.0,42.0,1.9090909090909092,12,48,314.86199999999997,0.311,315.173,21,1,22,0.9545454545454546,0.045454545454545414,0,-1.0,False
1,20,2,46.0,24.0,1.0909090909090908,8,31,374.379,329.504,689.552,15,0,15,1.0,0.0,0,0.0,False
1,20,3,46.0,24.0,1.0909090909090908,5,47,239.245,703.6389999999999,928.797,8,0,8,1.0,0.0,14,7.0,False
1,20,4,22.0,0.0,0.0,7,20,227.81600000000003,945.998,1156.613,11,2,13,0.8461538461538461,0.15384615384615385,0,0.0,True
1,21,1,59.0,37.0,1.6818181818181819,10,39,336.523,0.336,336.85900000000004,19,0,19,1.0,0.0,0,-1.0,False
1,21,2,59.0,37.0,1.6818181818181819,1,21,119.76499999999999,351.043,456.624,0,0,0,-1.0,2.0,8,4.0,False
1,21,3,59.0,37.0,1.6818181818181819,9,47,218.562,469.31699999999995,675.186,13,4,17,0.7647058823529411,0.23529411764705888,8,1.6,False
1,21,4,31.0,9.0,0.4090909090909091,11,27,276.59000000000003,689.044,951.7760000000001,16,5,21,0.7619047619047619,0.23809523809523814,0,-1.0,False
1,21,5,27.0,5.0,0.22727272727272727,11,31,226.3900000000001,965.4780000000001,1178.1660000000002,15,5,20,0.75,0.25,0,-1.0,False
1,21,6,22.0,0.0,0.0,4,23,111.00799999999981,1190.665,1289.174,4,3,7,0.5714285714285714,0.4285714285714286,1,0.16666666666666666,True
1,22,1,26.0,4.0,0.18181818181818182,9,40,298.251,0.355,298.606,13,4,17,0.7647058823529411,0.23529411764705888,0,-1.0,False
1,22,2,27.0,5.0,0.22727272727272727,18,58,597.728,311.457,896.334,17,17,34,0.5,0.5,4,1.3333333333333333,False
1,22,3,24.0,2.0,0.09090909090909091,10,26,208.78800000000012,908.957,1105.122,14,5,19,0.7368421052631579,0.26315789473684215,0,0.0,False
1,22,4,25.0,3.0,0.13636363636363635,12,33,210.77999999999997,1122.075,1315.902,16,7,23,0.6956521739130435,0.30434782608695654,2,-1.0,False
1,22,5,23.0,1.0,0.045454545454545456,8,58,232.93399999999997,1326.3239999999998,1548.836,12,3,15,0.8,0.19999999999999996,0,0.0,False
1,22,6,23.0,1.0,0.045454545454545456,11,32,165.6289999999999,1563.266,1714.465,15,6,21,0.7142857142857143,0.2857142857142857,0,0.0,False
1,23,1,37.0,15.0,0.6818181818181818,7,33,160.01399999999998,0.217,160.231,12,0,12,1.0,0.0,0,-1.0,False
1,23,2,35.0,13.0,0.5909090909090909,13,40,208.36700000000002,175.18400000000003,368.598,15,10,25,0.6,0.4,1,0.25,False
1,23,3,28.0,6.0,0.2727272727272727,5,17,90.07600000000002,379.79900000000004,458.67400000000004,9,0,9,1.0,0.0,1,-1.0,False
1,23,4,30.0,8.0,0.36363636363636365,5,21,72.40199999999999,458.902,531.076,9,0,9,1.0,0.0,0,0.0,False
1,23,5,29.0,7.0,0.3181818181818182,6,25,137.93599999999992,571.34,669.012,10,1,11,0.9090909090909091,0.09090909090909094,1,-1.0,False
1,23,6,30.0,8.0,0.36363636363636365,5,55,68.64999999999998,680.3839999999999,737.6619999999999,9,0,9,1.0,0.0,0,0.0,False
1,23,7,29.0,7.0,0.3181818181818182,5,16,77.62,745.797,815.2819999999999,9,0,9,1.0,0.0,0,0.0,False
1,23,8,27.0,5.0,0.22727272727272727,5,69,129.82400000000018,831.0089999999999,945.1060000000001,9,0,9,1.0,0.0,0,0.0,False
1,23,9,26.0,4.0,0.18181818181818182,6,18,154.10099999999977,962.462,1099.2069999999999,10,1,11,0.9090909090909091,0.09090909090909094,0,0.0,False
1,23,10,25.0,3.0,0.13636363636363635,13,36,389.4470000000001,1135.376,1488.654,17,8,25,0.68,0.31999999999999995,0,-1.0,False
1,23,11,24.0,2.0,0.09090909090909091,9,35,175.70499999999993,1500.5510000000002,1664.359,10,5,15,0.6666666666666666,0.33333333333333337,8,2.6666666666666665,False
1,23,12,23.0,1.0,0.045454545454545456,11,29,329.36800000000017,1675.5020000000002,1993.727,10,10,20,0.5,0.5,1,1.0,False
1,24,1,28.0,6.0,0.2727272727272727,5,30,250.23600000000002,0.191,250.42700000000002,9,0,9,1.0,0.0,0,-1.0,False
1,24,2,39.0,17.0,0.7727272727272727,7,23,182.83299999999997,269.033,433.26,12,0,12,1.0,0.0,0,0.0,False
1,24,3,33.0,11.0,0.5,6,21,93.23000000000002,444.796,526.49,10,0,10,1.0,0.0,0,0.0,False
1,24,4,32.0,10.0,0.45454545454545453,6,17,119.02300000000002,540.049,645.513,10,0,10,1.0,0.0,0,-1.0,False
1,24,5,27.0,5.0,0.22727272727272727,9,29,206.332,681.8430000000001,851.845,13,4,17,0.7647058823529411,0.23529411764705888,0,0.0,False
1,24,6,31.0,9.0,0.4090909090909091,13,37,218.64300000000003,863.056,1070.488,17,7,24,0.7083333333333334,0.29166666666666663,0,0.0,False
1,24,7,28.0,6.0,0.2727272727272727,12,32,226.79700000000003,1078.819,1297.285,16,6,22,0.7272727272727273,0.2727272727272727,0,0.0,False
1,24,8,28.0,6.0,0.2727272727272727,1,27,37.172000000000025,1306.471,1334.457,0,0,0,-1.0,2.0,1,0.1111111111111111,False
1,24,9,24.0,2.0,0.09090909090909091,6,81,251.81299999999987,1344.854,1586.27,10,1,11,0.9090909090909091,0.09090909090909094,0,0.0,False
1,24,10,29.0,7.0,0.3181818181818182,6,20,90.27500000000009,1596.6770000000001,1676.545,10,0,10,1.0,0.0,0,0.0,False
1,25,1,29.0,7.0,0.3181818181818182,9,41,578.5140000000001,0.31,578.8240000000001,13,4,17,0.7647058823529411,0.23529411764705888,0,-1.0,False
1,25,2,29.0,7.0,0.3181818181818182,6,20,159.80399999999997,581.77,738.628,10,1,11,0.9090909090909091,0.09090909090909094,0,0.0,False
1,25,3,29.0,7.0,0.3181818181818182,5,15,109.81999999999994,767.4860000000001,848.448,9,0,9,1.0,0.0,0,-1.0,False
1,25,4,23.0,1.0,0.045454545454545456,20,45,955.4590000000002,890.818,1803.9070000000002,23,14,37,0.6216216216216216,0.3783783783783784,0,0.0,False
1,25,5,27.0,5.0,0.22727272727272727,7,21,94.5179999999998,1822.5079999999998,1898.425,10,1,11,0.9090909090909091,0.09090909090909094,0,-1.0,False
1,26,1,27.0,5.0,0.22727272727272727,7,44,355.36,0.255,355.615,10,1,11,0.9090909090909091,0.09090909090909094,0,-1.0,False
1,26,2,27.0,5.0,0.22727272727272727,31,94,842.9000000000001,367.62800000000004,1198.515,31,22,53,0.5849056603773585,0.41509433962264153,14,2.0,False
1,26,3,28.0,6.0,0.2727272727272727,15,66,394.57799999999975,1205.786,1593.0929999999998,16,8,24,0.6666666666666666,0.33333333333333337,1,0.09090909090909091,False
1,26,4,,,,1,1,12.240000000000009,1605.3329999999999,1605.3329999999999,0,0,0,-1.0,2.0,0,0.0,False
1,27,1,27.0,5.0,0.22727272727272727,6,30,387.666,0.187,387.853,10,1,11,0.9090909090909091,0.09090909090909094,0,-1.0,False
1,27,2,36.0,14.0,0.6363636363636364,12,32,317.897,391.099,705.75,16,4,20,0.8,0.19999999999999996,0,0.0,False
1,27,3,29.0,7.0,0.3181818181818182,11,27,330.672,772.821,1036.422,15,5,20,0.75,0.25,0,0.0,False
1,27,4,30.0,8.0,0.36363636363636365,18,39,286.88699999999994,1053.171,1323.309,21,10,31,0.6774193548387096,0.32258064516129037,0,-1.0,False
1,27,5,28.0,6.0,0.2727272727272727,15,45,327.43499999999995,1337.332,1650.744,18,8,26,0.6923076923076923,0.3076923076923077,0,0.0,False
1,27,6,29.0,7.0,0.3181818181818182,11,48,249.41000000000008,1657.861,1900.154,15,5,20,0.75,0.25,0,0.0,False
1,28,1,30.0,8.0,0.36363636363636365,6,31,225.83699999999996,0.29600000000000004,226.13299999999998,9,1,10,0.9,0.09999999999999998,0,-1.0,False
1,28,2,28.0,6.0,0.2727272727272727,8,31,147.17700000000002,226.74,373.31,12,2,14,0.8571428571428571,0.1428571428571429,0,0.0,False
1,28,3,26.0,4.0,0.18181818181818182,9,22,70.68199999999996,379.69300000000004,443.99199999999996,12,3,15,0.8,0.19999999999999996,0,0.0,False
1,28,4,23.0,1.0,0.045454545454545456,12,25,98.298,456.903,542.29,13,4,17,0.7647058823529411,0.23529411764705888,0,0.0,False
1,28,5,22.0,0.0,0.0,13,33,127.79700000000003,554.077,670.087,15,6,21,0.7142857142857143,0.2857142857142857,0,0.0,True
1,29,1,27.0,5.0,0.22727272727272727,8,34,256.66499999999996,0.161,256.82599999999996,11,2,13,0.8461538461538461,0.15384615384615385,0,-1.0,False
1,29,2,26.0,4.0,0.18181818181818182,10,29,236.41300000000007,273.46,493.23900000000003,13,3,16,0.8125,0.1875,0,0.0,False
1,29,3,24.0,2.0,0.09090909090909091,13,34,259.2349999999999,501.82599999999996,752.4739999999999,17,8,25,0.68,0.31999999999999995,0,0.0,False
1,29,4,24.0,2.0,0.09090909090909091,21,41,233.995,761.568,986.4689999999999,18,16,34,0.5294117647058824,0.47058823529411764,0,0.0,False
1,29,5,24.0,2.0,0.09090909090909091,19,41,155.51800000000014,997.404,1141.987,20,11,31,0.6451612903225806,0.3548387096774194,0,0.0,False
1,29,6,22.0,0.0,0.0,11,47,180.50900000000001,1161.6680000000001,1322.496,14,5,19,0.7368421052631579,0.26315789473684215,0,0.0,True
1,30,1,30.0,8.0,0.36363636363636365,9,33,236.732,0.34600000000000003,237.078,12,3,15,0.8,0.19999999999999996,0,-1.0,False
1,30,2,31.0,9.0,0.4090909090909091,6,18,137.342,248.10299999999998,374.42,9,0,9,1.0,0.0,0,0.0,False
1,30,3,25.0,3.0,0.13636363636363635,7,21,155.57099999999997,420.903,529.991,10,1,11,0.9090909090909091,0.09090909090909094,0,0.0,False
1,30,4,31.0,9.0,0.4090909090909091,6,18,87.33900000000006,568.632,617.33,9,0,9,1.0,0.0,0,0.0,False
1,30,5,23.0,1.0,0.045454545454545456,7,40,139.23199999999997,630.073,756.562,10,1,11,0.9090909090909091,0.09090909090909094,0,0.0,False
1,30,6,23.0,1.0,0.045454545454545456,8,60,327.9519999999999,772.798,1084.514,10,2,12,0.8333333333333334,0.16666666666666663,0,0.0,False
1,30,7,23.0,1.0,0.045454545454545456,6,67,255.57500000000005,1084.626,1340.089,9,0,9,1.0,0.0,0,0.0,False
1,30,8,25.0,3.0,0.13636363636363635,6,47,178.70800000000008,1340.839,1518.797,9,0,9,1.0,0.0,0,0.0,False
1,30,9,,,,2,3,2.5269999999998163,1518.88,1521.3239999999998,2,0,2,1.0,0.0,0,-1.0,False
1,31,1,23.0,1.0,0.045454545454545456,15,55,653.893,0.18899999999999997,654.082,19,10,29,0.6551724137931034,0.3448275862068966,0,-1.0,False
1,31,2,23.0,1.0,0.045454545454545456,6,22,295.908,660.817,949.99,10,1,11,0.9090909090909091,0.09090909090909094,0,0.0,False
1,31,3,23.0,1.0,0.045454545454545456,6,40,130.1869999999999,956.3539999999999,1080.177,10,1,11,0.9090909090909091,0.09090909090909094,0,0.0,False
1,31,4,23.0,1.0,0.045454545454545456,5,84,211.74900000000025,1105.848,1291.9260000000002,9,0,9,1.0,0.0,0,0.0,False
1,32,1,48.0,26.0,1.1818181818181819,9,34,369.58799999999997,0.198,369.786,16,0,16,1.0,0.0,0,-1.0,False
1,32,2,42.0,20.0,0.9090909090909091,7,22,114.238,383.103,484.024,7,4,11,0.6363636363636364,0.36363636363636365,1,0.3333333333333333,False
1,32,3,33.0,11.0,0.5,6,16,70.46699999999998,499.353,554.491,10,0,10,1.0,0.0,0,-1.0,False
1,32,4,28.0,6.0,0.2727272727272727,13,33,227.32000000000005,566.781,781.811,17,7,24,0.7083333333333334,0.29166666666666663,0,0.0,False
1,32,5,30.0,8.0,0.36363636363636365,10,32,204.55399999999997,794.416,986.365,14,4,18,0.7777777777777778,0.2222222222222222,0,0.0,False
1,32,6,25.0,3.0,0.13636363636363635,3,33,53.90599999999995,997.252,1040.271,2,2,4,0.5,0.5,3,0.42857142857142855,False
1,32,7,26.0,4.0,0.18181818181818182,3,13,100.89100000000008,1051.558,1141.162,2,2,4,0.5,0.5,1,1.0,False
1,32,8,25.0,3.0,0.13636363636363635,2,11,41.44100000000003,1151.823,1182.603,1,1,2,0.5,0.5,1,1.0,False
1,32,9,25.0,3.0,0.13636363636363635,3,13,60.01999999999998,1195.6589999999999,1242.623,2,2,4,0.5,0.5,1,1.0,False
1,32,10,25.0,3.0,0.13636363636363635,2,14,32.628999999999905,1252.735,1275.252,1,1,2,0.5,0.5,1,1.0,False
1,33,1,64.0,42.0,1.9090909090909092,11,42,310.412,0.342,310.754,20,0,20,1.0,0.0,0,-1.0,False
1,33,2,42.0,20.0,0.9090909090909091,7,30,148.216,321.182,458.97,0,12,12,0.0,1.0,3,1.0,False
1,33,3,31.0,9.0,0.4090909090909091,6,20,105.75900000000001,474.726,564.729,10,0,10,1.0,0.0,0,0.0,False
1,33,4,35.0,13.0,0.5909090909090909,7,19,166.59399999999994,587.307,731.323,12,1,13,0.9230769230769231,0.07692307692307687,0,-1.0,False
1,33,5,32.0,10.0,0.45454545454545453,6,25,234.48800000000006,767.058,965.811,10,0,10,1.0,0.0,0,-1.0,False
1,33,6,30.0,8.0,0.36363636363636365,4,17,168.72799999999995,978.693,1134.539,3,4,7,0.42857142857142855,0.5714285714285714,1,1.0,False
1,33,7,,,,2,3,18.662000000000035,1150.622,1153.201,3,0,3,1.0,0.0,0,-1.0,False
1,34,1,27.0,5.0,0.22727272727272727,9,38,279.161,0.134,279.295,13,4,17,0.7647058823529411,0.23529411764705888,0,-1.0,False
1,34,2,27.0,5.0,0.22727272727272727,2,22,55.84899999999999,307.499,335.144,2,0,2,1.0,0.0,4,0.8,False
1,34,3,26.0,4.0,0.18181818181818182,9,28,244.163,360.69300000000004,579.307,13,4,17,0.7647058823529411,0.23529411764705888,0,0.0,False
1,34,4,29.0,7.0,0.3181818181818182,14,33,341.2869999999999,590.099,920.5939999999999,18,8,26,0.6923076923076923,0.3076923076923077,0,0.0,False
1,34,5,26.0,4.0,0.18181818181818182,7,22,157.58100000000002,947.8610000000001,1078.175,11,2,13,0.8461538461538461,0.15384615384615385,0,-1.0,False
1,34,6,26.0,4.0,0.18181818181818182,9,53,215.14499999999998,1090.388,1293.32,13,4,17,0.7647058823529411,0.23529411764705888,0,0.0,False
1,35,1,32.0,10.0,0.45454545454545453,9,68,366.694,0.379,367.07300000000004,13,3,16,0.8125,0.1875,0,-1.0,False
1,35,2,29.0,7.0,0.3181818181818182,4,29,99.24099999999999,383.337,466.314,3,3,6,0.5,0.5,3,3.0,False
1,35,3,30.0,8.0,0.36363636363636365,6,61,192.0979999999999,482.476,658.4119999999999,10,0,10,1.0,0.0,0,0.0,False
1,35,4,29.0,7.0,0.3181818181818182,5,33,78.83000000000004,676.6519999999999,737.242,9,0,9,1.0,0.0,0,0.0,False
1,35,5,25.0,3.0,0.13636363636363635,8,49,258.38,745.763,995.622,12,3,15,0.8,0.19999999999999996,0,0.0,False
1,35,6,25.0,3.0,0.13636363636363635,5,19,123.024,1008.169,1118.646,9,0,9,1.0,0.0,0,0.0,False
1,35,7,26.0,4.0,0.18181818181818182,9,27,130.10000000000014,1131.262,1248.746,13,4,17,0.7647058823529411,0.23529411764705888,0,0.0,False
1,36,1,33.0,11.0,0.5,11,51,337.012,0.302,337.314,16,5,21,0.7619047619047619,0.23809523809523814,0,-1.0,False
1,36,2,28.0,6.0,0.2727272727272727,8,59,383.38399999999996,349.07800000000003,720.698,6,8,14,0.42857142857142855,0.5714285714285714,15,2.5,False
1,36,3,25.0,3.0,0.13636363636363635,6,19,112.88,729.4730000000001,833.578,10,1,11,0.9090909090909091,0.09090909090909094,0,0.0,False
1,36,4,25.0,3.0,0.13636363636363635,5,27,176.48199999999997,848.203,1010.06,9,0,9,1.0,0.0,0,0.0,False
1,36,5,33.0,11.0,0.5,13,54,497.6400000000001,1032.369,1507.7,18,7,25,0.72,0.28,0,0.0,False
1,37,1,28.0,6.0,0.2727272727272727,5,29,182.463,0.21,182.673,9,0,9,1.0,0.0,0,-1.0,False
1,37,2,27.0,5.0,0.22727272727272727,17,55,401.31000000000006,191.245,583.9830000000001,19,13,32,0.59375,0.40625,1,0.1111111111111111,False
1,37,3,27.0,5.0,0.22727272727272727,14,33,224.81399999999996,598.371,808.797,18,8,26,0.6923076923076923,0.3076923076923077,0,0.0,False
1,37,4,23.0,1.0,0.045454545454545456,13,34,269.0060000000001,818.895,1077.803,17,8,25,0.68,0.31999999999999995,0,0.0,False
1,37,5,25.0,3.0,0.13636363636363635,10,29,207.71799999999985,1088.572,1285.521,14,5,19,0.7368421052631579,0.26315789473684215,0,0.0,False
1,38,1,38.0,16.0,0.7272727272727273,7,30,158.769,0.23800000000000002,159.007,12,0,12,1.0,0.0,0,-1.0,False
1,38,2,46.0,24.0,1.0909090909090908,8,27,109.94200000000001,163.542,268.949,15,0,15,1.0,0.0,0,0.0,False
1,38,3,53.0,31.0,1.4090909090909092,9,25,116.06400000000002,281.38599999999997,385.01300000000003,16,0,16,1.0,0.0,0,0.0,False
1,38,4,64.0,42.0,1.9090909090909092,13,41,123.911,385.57300000000004,508.92400000000004,22,1,23,0.9565217391304348,0.04347826086956519,0,0.0,False
1,38,5,57.0,35.0,1.5909090909090908,10,38,144.67400000000004,520.936,653.5980000000001,18,0,18,1.0,0.0,0,0.0,False
1,38,6,40.0,18.0,0.8181818181818182,8,30,148.48599999999988,663.773,802.084,14,1,15,0.9333333333333333,0.06666666666666665,0,0.0,False
1,38,7,40.0,18.0,0.8181818181818182,7,29,194.0490000000001,802.321,996.133,13,0,13,1.0,0.0,0,0.0,False
1,38,8,32.0,10.0,0.45454545454545453,7,18,90.72699999999986,1012.798,1086.86,11,1,12,0.9166666666666666,0.08333333333333337,0,-1.0,False
1,38,9,39.0,17.0,0.7727272727272727,7,18,100.61200000000008,1105.763,1187.472,12,0,12,1.0,0.0,0,-1.0,False
1,38,10,27.0,5.0,0.22727272727272727,5,18,130.1880000000001,1207.672,1317.66,9,0,9,1.0,0.0,0,-1.0,False
1,38,11,30.0,8.0,0.36363636363636365,5,15,63.947999999999865,1335.257,1381.608,9,0,9,1.0,0.0,0,-1.0,False
1,39,1,29.0,7.0,0.3181818181818182,6,30,312.372,0.23600000000000002,312.608,10,0,10,1.0,0.0,0,-1.0,False
1,39,2,47.0,25.0,1.1363636363636365,14,37,366.59599999999995,324.37,679.204,16,11,27,0.5925925925925926,0.40740740740740744,1,1.0,False
1,39,3,29.0,7.0,0.3181818181818182,6,17,92.66700000000014,697.972,771.8710000000001,10,0,10,1.0,0.0,0,0.0,False
1,39,4,30.0,8.0,0.36363636363636365,5,15,128.41899999999987,803.931,900.29,9,0,9,1.0,0.0,0,-1.0,False
1,39,5,30.0,8.0,0.36363636363636365,5,10,61.280000000000086,928.4789999999999,961.57,8,0,8,1.0,0.0,0,-1.0,False
1,39,6,34.0,12.0,0.5454545454545454,10,37,198.81599999999992,962.314,1160.386,10,7,17,0.5882352941176471,0.4117647058823529,1,0.5,False
1,39,7,35.0,13.0,0.5909090909090909,6,19,78.03800000000001,1170.635,1238.424,11,0,11,1.0,0.0,0,0.0,False
1,39,8,33.0,11.0,0.5,6,17,60.47000000000003,1246.777,1298.894,10,0,10,1.0,0.0,0,0.0,False
1,40,1,26.0,4.0,0.18181818181818182,5,30,246.23399999999998,0.262,246.49599999999998,9,0,9,1.0,0.0,0,-1.0,False
1,40,2,28.0,6.0,0.2727272727272727,8,29,349.294,260.182,595.79,12,2,14,0.8571428571428571,0.1428571428571429,0,0.0,False
1,40,3,28.0,6.0,0.2727272727272727,5,16,130.54899999999998,617.1669999999999,726.3389999999999,9,0,9,1.0,0.0,0,0.0,False
1,40,4,30.0,8.0,0.36363636363636365,5,23,195.58800000000008,733.801,921.927,8,0,8,1.0,0.0,0,0.0,False
1,40,5,30.0,8.0,0.36363636363636365,1,33,55.15899999999999,922.477,977.086,1,0,1,1.0,0.0,6,1.2,False
1,40,6,26.0,4.0,0.18181818181818182,5,58,231.62799999999993,991.648,1208.714,9,0,9,1.0,0.0,0,0.0,False
1,40,7,32.0,10.0,0.45454545454545453,7,44,170.83300000000008,1215.235,1379.547,12,1,13,0.9230769230769231,0.07692307692307687,0,0.0,False
1,41,1,29.0,7.0,0.3181818181818182,18,65,658.927,0.23600000000000002,659.163,22,13,35,0.6285714285714286,0.37142857142857144,0,-1.0,False
1,41,2,28.0,6.0,0.2727272727272727,15,43,613.329,669.352,1272.492,13,13,26,0.5,0.5,1,0.1111111111111111,False
1,41,3,,,,1,5,1.7999999999999545,1272.557,1274.292,0,0,0,-1.0,2.0,0,-1.0,False
1,42,1,29.0,7.0,0.3181818181818182,9,46,483.62100000000004,0.289,483.91,13,4,17,0.7647058823529411,0.23529411764705888,0,-1.0,False
1,42,2,29.0,7.0,0.3181818181818182,8,29,396.4560000000001,497.27,880.3660000000001,12,2,14,0.8571428571428571,0.1428571428571429,0,0.0,False
1,42,3,24.0,2.0,0.09090909090909091,5,25,224.19299999999987,892.007,1104.559,9,0,9,1.0,0.0,0,0.0,False
1,42,4,26.0,4.0,0.18181818181818182,5,40,185.67200000000003,1123.607,1290.231,9,0,9,1.0,0.0,0,0.0,False
1,44,1,35.0,13.0,0.5909090909090909,6,35,242.64700000000002,0.192,242.83900000000003,11,0,11,1.0,0.0,0,-1.0,False
1,44,2,33.0,11.0,0.5,6,22,114.45899999999997,255.13299999999998,357.298,10,0,10,1.0,0.0,0,0.0,False
1,44,3,41.0,19.0,0.8636363636363636,8,20,91.856,367.43699999999995,449.154,14,0,14,1.0,0.0,0,-1.0,False
1,44,4,36.0,14.0,0.6363636363636364,7,19,84.23900000000003,459.23699999999997,533.393,12,0,12,1.0,0.0,0,0.0,False
1,44,5,27.0,5.0,0.22727272727272727,6,25,68.04599999999994,541.1,601.439,10,0,10,1.0,0.0,0,0.0,False
1,44,6,27.0,5.0,0.22727272727272727,6,31,111.50700000000006,614.497,712.946,10,0,10,1.0,0.0,0,0.0,False
1,44,7,28.0,6.0,0.2727272727272727,6,17,109.25999999999999,720.4739999999999,822.206,10,0,10,1.0,0.0,0,0.0,False
1,44,8,28.0,6.0,0.2727272727272727,5,17,86.7879999999999,830.1619999999999,908.9939999999999,9,0,9,1.0,0.0,0,0.0,False
1,44,9,24.0,2.0,0.09090909090909091,6,18,119.88900000000012,917.8580000000001,1028.883,10,1,11,0.9090909090909091,0.09090909090909094,0,0.0,False
1,44,10,24.0,2.0,0.09090909090909091,6,21,119.78399999999988,1035.816,1148.667,10,1,11,0.9090909090909091,0.09090909090909094,0,0.0,False
1,44,11,27.0,5.0,0.22727272727272727,7,22,113.81799999999998,1158.19,1262.485,11,1,12,0.9166666666666666,0.08333333333333337,0,0.0,False
1,44,12,25.0,3.0,0.13636363636363635,5,16,62.18500000000017,1273.21,1324.67,9,0,9,1.0,0.0,0,0.0,False
1,44,13,25.0,3.0,0.13636363636363635,5,16,57.871000000000095,1337.557,1382.5410000000002,9,0,9,1.0,0.0,0,0.0,False
1,44,14,26.0,4.0,0.18181818181818182,5,20,78.64599999999996,1390.729,1461.1870000000001,9,0,9,1.0,0.0,0,0.0,False
1,44,15,31.0,9.0,0.4090909090909091,6,24,61.30899999999997,1472.668,1522.496,10,0,10,1.0,0.0,0,0.0,False
1,44,16,26.0,4.0,0.18181818181818182,5,16,45.57899999999995,1533.727,1568.075,9,0,9,1.0,0.0,0,0.0,False
1,44,17,28.0,6.0,0.2727272727272727,6,18,32.710000000000036,1575.5120000000002,1600.785,10,0,10,1.0,0.0,0,0.0,False
1,45,1,30.0,8.0,0.36363636363636365,18,66,747.217,0.188,747.405,22,12,34,0.6470588235294118,0.3529411764705882,0,-1.0,False
1,45,2,26.0,4.0,0.18181818181818182,21,63,749.0610000000001,755.2710000000001,1496.4660000000001,25,16,41,0.6097560975609756,0.3902439024390244,0,0.0,False
1,46,1,27.0,5.0,0.22727272727272727,12,45,750.1139999999999,0.18100000000000002,750.295,16,6,22,0.7272727272727273,0.2727272727272727,0,-1.0,False
1,46,2,25.0,3.0,0.13636363636363635,14,43,687.321,761.5160000000001,1437.616,18,8,26,0.6923076923076923,0.3076923076923077,0,0.0,False
1,46,3,,,,6,50,104.8789999999999,1446.162,1542.495,9,2,11,0.8181818181818182,0.18181818181818177,0,0.0,False
1,47,1,27.0,5.0,0.22727272727272727,5,37,203.89,0.174,204.06400000000002,9,0,9,1.0,0.0,0,-1.0,False
1,47,2,38.0,16.0,0.7272727272727273,7,21,107.93199999999996,218.52200000000002,311.996,12,0,12,1.0,0.0,0,0.0,False
1,47,3,25.0,3.0,0.13636363636363635,5,15,64.98800000000006,338.374,376.98400000000004,9,0,9,1.0,0.0,0,-1.0,False
1,47,4,26.0,4.0,0.18181818181818182,6,18,81.84699999999992,391.787,458.83099999999996,9,0,9,1.0,0.0,0,-1.0,False
1,47,5,28.0,6.0,0.2727272727272727,6,18,82.75200000000012,484.35400000000004,541.5830000000001,9,0,9,1.0,0.0,0,-1.0,False
1,47,6,27.0,5.0,0.22727272727272727,7,33,111.26899999999989,550.126,652.852,11,2,13,0.8461538461538461,0.15384615384615385,0,0.0,False
1,47,7,26.0,4.0,0.18181818181818182,6,19,110.42199999999991,669.819,763.2739999999999,10,1,11,0.9090909090909091,0.09090909090909094,0,-1.0,False
1,47,8,25.0,3.0,0.13636363636363635,7,19,90.70100000000014,781.831,853.975,11,2,13,0.8461538461538461,0.15384615384615385,0,-1.0,False
1,47,9,29.0,7.0,0.3181818181818182,10,25,145.74399999999991,872.0110000000001,999.7189999999999,14,4,18,0.7777777777777778,0.2222222222222222,0,0.0,False
1,47,10,25.0,3.0,0.13636363636363635,5,18,51.93500000000006,1012.689,1051.654,9,0,9,1.0,0.0,0,-1.0,False
1,47,11,27.0,5.0,0.22727272727272727,10,23,109.75199999999995,1076.19,1161.406,13,4,17,0.7647058823529411,0.23529411764705888,0,-1.0,False
